date,country,area,time,price(eur/mwh)
01/02/2023,Austria,BZN AT,00:00 - 00:15,22.49
01/02/2023,Austria,BZN AT,00:15 - 00:30,10.0
01/02/2023,Austria,BZN AT,00:30 - 00:45,-19.99
01/02/2023,Austria,BZN AT,00:45 - 01:00,-38.54
01/02/2023,Austria,BZN AT,01:00 - 01:15,19.53
01/02/2023,Austria,BZN AT,01:15 - 01:30,0.5
01/02/2023,Austria,BZN AT,01:30 - 01:45,-30.97
01/02/2023,Austria,BZN AT,01:45 - 02:00,-45.88
01/02/2023,Austria,BZN AT,02:00 - 02:15,18.96
01/02/2023,Austria,BZN AT,02:15 - 02:30,-5.0
01/02/2023,Austria,BZN AT,02:30 - 02:45,-29.93
01/02/2023,Austria,BZN AT,02:45 - 03:00,-39.94
01/02/2023,Austria,BZN AT,03:00 - 03:15,2.26
01/02/2023,Austria,BZN AT,03:15 - 03:30,-17.17
01/02/2023,Austria,BZN AT,03:30 - 03:45,-23.03
01/02/2023,Austria,BZN AT,03:45 - 04:00,-29.99
01/02/2023,Austria,BZN AT,04:00 - 04:15,-20.57
01/02/2023,Austria,BZN AT,04:15 - 04:30,-26.17
01/02/2023,Austria,BZN AT,04:30 - 04:45,-25.31
01/02/2023,Austria,BZN AT,04:45 - 05:00,-10.0
01/02/2023,Austria,BZN AT,05:00 - 05:15,0.0
01/02/2023,Austria,BZN AT,05:15 - 05:30,-3.9
01/02/2023,Austria,BZN AT,05:30 - 05:45,-0.09
01/02/2023,Austria,BZN AT,05:45 - 06:00,-0.09
01/02/2023,Austria,BZN AT,06:00 - 06:15,-25.31
01/02/2023,Austria,BZN AT,06:15 - 06:30,-5.09
01/02/2023,Austria,BZN AT,06:30 - 06:45,19.9
01/02/2023,Austria,BZN AT,06:45 - 07:00,22.49
01/02/2023,Austria,BZN AT,07:00 - 07:15,-42.99
01/02/2023,Austria,BZN AT,07:15 - 07:30,-10.02
01/02/2023,Austria,BZN AT,07:30 - 07:45,21.92
01/02/2023,Austria,BZN AT,07:45 - 08:00,51.49
01/02/2023,Austria,BZN AT,08:00 - 08:15,-10.0
01/02/2023,Austria,BZN AT,08:15 - 08:30,6.46
01/02/2023,Austria,BZN AT,08:30 - 08:45,5.0
01/02/2023,Austria,BZN AT,08:45 - 09:00,19.95
01/02/2023,Austria,BZN AT,09:00 - 09:15,15.0
01/02/2023,Austria,BZN AT,09:15 - 09:30,9.97
01/02/2023,Austria,BZN AT,09:30 - 09:45,-0.23
01/02/2023,Austria,BZN AT,09:45 - 10:00,-0.07
01/02/2023,Austria,BZN AT,10:00 - 10:15,20.15
01/02/2023,Austria,BZN AT,10:15 - 10:30,10.0
01/02/2023,Austria,BZN AT,10:30 - 10:45,-0.01
01/02/2023,Austria,BZN AT,10:45 - 11:00,-5.04
01/02/2023,Austria,BZN AT,11:00 - 11:15,22.46
01/02/2023,Austria,BZN AT,11:15 - 11:30,19.97
01/02/2023,Austria,BZN AT,11:30 - 11:45,-0.06
01/02/2023,Austria,BZN AT,11:45 - 12:00,-28.44
01/02/2023,Austria,BZN AT,12:00 - 12:15,40.0
01/02/2023,Austria,BZN AT,12:15 - 12:30,21.3
01/02/2023,Austria,BZN AT,12:30 - 12:45,0.77
01/02/2023,Austria,BZN AT,12:45 - 13:00,-10.05
01/02/2023,Austria,BZN AT,13:00 - 13:15,21.01
01/02/2023,Austria,BZN AT,13:15 - 13:30,20.19
01/02/2023,Austria,BZN AT,13:30 - 13:45,19.96
01/02/2023,Austria,BZN AT,13:45 - 14:00,19.81
01/02/2023,Austria,BZN AT,14:00 - 14:15,20.6
01/02/2023,Austria,BZN AT,14:15 - 14:30,21.12
01/02/2023,Austria,BZN AT,14:30 - 14:45,27.5
01/02/2023,Austria,BZN AT,14:45 - 15:00,54.99
01/02/2023,Austria,BZN AT,15:00 - 15:15,3.9
01/02/2023,Austria,BZN AT,15:15 - 15:30,20.0
01/02/2023,Austria,BZN AT,15:30 - 15:45,44.95
01/02/2023,Austria,BZN AT,15:45 - 16:00,99.63
01/02/2023,Austria,BZN AT,16:00 - 16:15,12.7
01/02/2023,Austria,BZN AT,16:15 - 16:30,22.4
01/02/2023,Austria,BZN AT,16:30 - 16:45,79.95
01/02/2023,Austria,BZN AT,16:45 - 17:00,100.64
01/02/2023,Austria,BZN AT,17:00 - 17:15,22.46
01/02/2023,Austria,BZN AT,17:15 - 17:30,72.06
01/02/2023,Austria,BZN AT,17:30 - 17:45,79.94
01/02/2023,Austria,BZN AT,17:45 - 18:00,99.96
01/02/2023,Austria,BZN AT,18:00 - 18:15,99.63
01/02/2023,Austria,BZN AT,18:15 - 18:30,83.89
01/02/2023,Austria,BZN AT,18:30 - 18:45,82.64
01/02/2023,Austria,BZN AT,18:45 - 19:00,69.99
01/02/2023,Austria,BZN AT,19:00 - 19:15,99.63
01/02/2023,Austria,BZN AT,19:15 - 19:30,84.41
01/02/2023,Austria,BZN AT,19:30 - 19:45,56.32
01/02/2023,Austria,BZN AT,19:45 - 20:00,35.0
01/02/2023,Austria,BZN AT,20:00 - 20:15,99.63
01/02/2023,Austria,BZN AT,20:15 - 20:30,79.1
01/02/2023,Austria,BZN AT,20:30 - 20:45,30.0
01/02/2023,Austria,BZN AT,20:45 - 21:00,19.05
01/02/2023,Austria,BZN AT,21:00 - 21:15,99.63
01/02/2023,Austria,BZN AT,21:15 - 21:30,65.81
01/02/2023,Austria,BZN AT,21:30 - 21:45,25.0
01/02/2023,Austria,BZN AT,21:45 - 22:00,22.23
01/02/2023,Austria,BZN AT,22:00 - 22:15,79.3
01/02/2023,Austria,BZN AT,22:15 - 22:30,86.3
01/02/2023,Austria,BZN AT,22:30 - 22:45,22.47
01/02/2023,Austria,BZN AT,22:45 - 23:00,19.92
01/02/2023,Austria,BZN AT,23:00 - 23:15,99.63
01/02/2023,Austria,BZN AT,23:15 - 23:30,94.23
01/02/2023,Austria,BZN AT,23:30 - 23:45,18.96
01/02/2023,Austria,BZN AT,23:45 - 00:00,-5.08
01/02/2023,Belgium,BZN BE,00:00 - 01:00,-4.39
01/02/2023,Belgium,BZN BE,01:00 - 02:00,-1.75
01/02/2023,Belgium,BZN BE,02:00 - 03:00,-1.46
01/02/2023,Belgium,BZN BE,03:00 - 04:00,-5.27
01/02/2023,Belgium,BZN BE,04:00 - 05:00,-4.41
01/02/2023,Belgium,BZN BE,05:00 - 06:00,-5.4
01/02/2023,Belgium,BZN BE,06:00 - 07:00,-4.69
01/02/2023,Belgium,BZN BE,07:00 - 08:00,-1.31
01/02/2023,Belgium,BZN BE,08:00 - 09:00,-1.57
01/02/2023,Belgium,BZN BE,09:00 - 10:00,-1.03
01/02/2023,Belgium,BZN BE,10:00 - 11:00,-0.23
01/02/2023,Belgium,BZN BE,11:00 - 12:00,-0.74
01/02/2023,Belgium,BZN BE,12:00 - 13:00,-0.57
01/02/2023,Belgium,BZN BE,13:00 - 14:00,-0.12
01/02/2023,Belgium,BZN BE,14:00 - 15:00,0.85
01/02/2023,Belgium,BZN BE,15:00 - 16:00,23.5
01/02/2023,Belgium,BZN BE,16:00 - 17:00,36.54
01/02/2023,Belgium,BZN BE,17:00 - 18:00,46.03
01/02/2023,Belgium,BZN BE,18:00 - 19:00,36.64
01/02/2023,Belgium,BZN BE,19:00 - 20:00,54.95
01/02/2023,Belgium,BZN BE,20:00 - 21:00,45.83
01/02/2023,Belgium,BZN BE,21:00 - 22:00,36.57
01/02/2023,Belgium,BZN BE,22:00 - 23:00,45.96
01/02/2023,Belgium,BZN BE,23:00 - 00:00,35.0
01/02/2023,Bulgaria,BZN BG,00:00 - 01:00,20.02
01/02/2023,Bulgaria,BZN BG,01:00 - 02:00,0.18
01/02/2023,Bulgaria,BZN BG,02:00 - 03:00,0.01
01/02/2023,Bulgaria,BZN BG,03:00 - 04:00,0.01
01/02/2023,Bulgaria,BZN BG,04:00 - 05:00,0.01
01/02/2023,Bulgaria,BZN BG,05:00 - 06:00,0.01
01/02/2023,Bulgaria,BZN BG,06:00 - 07:00,0.01
01/02/2023,Bulgaria,BZN BG,07:00 - 08:00,0.01
01/02/2023,Bulgaria,BZN BG,08:00 - 09:00,0.29
01/02/2023,Bulgaria,BZN BG,09:00 - 10:00,0.93
01/02/2023,Bulgaria,BZN BG,10:00 - 11:00,1.57
01/02/2023,Bulgaria,BZN BG,11:00 - 12:00,2.27
01/02/2023,Bulgaria,BZN BG,12:00 - 13:00,2.4
01/02/2023,Bulgaria,BZN BG,13:00 - 14:00,2.49
01/02/2023,Bulgaria,BZN BG,14:00 - 15:00,9.7
01/02/2023,Bulgaria,BZN BG,15:00 - 16:00,23.86
01/02/2023,Bulgaria,BZN BG,16:00 - 17:00,36.54
01/02/2023,Bulgaria,BZN BG,17:00 - 18:00,46.03
01/02/2023,Bulgaria,BZN BG,18:00 - 19:00,53.22
01/02/2023,Bulgaria,BZN BG,19:00 - 20:00,54.95
01/02/2023,Bulgaria,BZN BG,20:00 - 21:00,49.06
01/02/2023,Bulgaria,BZN BG,21:00 - 22:00,44.27
01/02/2023,Bulgaria,BZN BG,22:00 - 23:00,45.96
01/02/2023,Bulgaria,BZN BG,23:00 - 00:00,35.0
01/02/2023,Croatia,BZN HR,00:00 - 01:00,15.36
01/02/2023,Croatia,BZN HR,01:00 - 02:00,0.01
01/02/2023,Croatia,BZN HR,02:00 - 03:00,-0.3
01/02/2023,Croatia,BZN HR,03:00 - 04:00,-1.05
01/02/2023,Croatia,BZN HR,04:00 - 05:00,-1.45
01/02/2023,Croatia,BZN HR,05:00 - 06:00,-0.95
01/02/2023,Croatia,BZN HR,06:00 - 07:00,-2.53
01/02/2023,Croatia,BZN HR,07:00 - 08:00,-0.09
01/02/2023,Croatia,BZN HR,08:00 - 09:00,0.03
01/02/2023,Croatia,BZN HR,09:00 - 10:00,0.6
01/02/2023,Croatia,BZN HR,10:00 - 11:00,1.13
01/02/2023,Croatia,BZN HR,11:00 - 12:00,1.66
01/02/2023,Croatia,BZN HR,12:00 - 13:00,1.83
01/02/2023,Croatia,BZN HR,13:00 - 14:00,2.13
01/02/2023,Croatia,BZN HR,14:00 - 15:00,7.89
01/02/2023,Croatia,BZN HR,15:00 - 16:00,23.79
01/02/2023,Croatia,BZN HR,16:00 - 17:00,36.54
01/02/2023,Croatia,BZN HR,17:00 - 18:00,46.03
01/02/2023,Croatia,BZN HR,18:00 - 19:00,52.59
01/02/2023,Croatia,BZN HR,19:00 - 20:00,54.95
01/02/2023,Croatia,BZN HR,20:00 - 21:00,48.99
01/02/2023,Croatia,BZN HR,21:00 - 22:00,44.03
01/02/2023,Croatia,BZN HR,22:00 - 23:00,45.96
01/02/2023,Croatia,BZN HR,23:00 - 00:00,35.0
01/02/2023,Czech Republic,BZN CZ,00:00 - 01:00,4.84
01/02/2023,Czech Republic,BZN CZ,01:00 - 02:00,-0.35
01/02/2023,Czech Republic,BZN CZ,02:00 - 03:00,-0.97
01/02/2023,Czech Republic,BZN CZ,03:00 - 04:00,-1.93
01/02/2023,Czech Republic,BZN CZ,04:00 - 05:00,-3.07
01/02/2023,Czech Republic,BZN CZ,05:00 - 06:00,-1.86
01/02/2023,Czech Republic,BZN CZ,06:00 - 07:00,-3.44
01/02/2023,Czech Republic,BZN CZ,07:00 - 08:00,-0.47
01/02/2023,Czech Republic,BZN CZ,08:00 - 09:00,-0.3
01/02/2023,Czech Republic,BZN CZ,09:00 - 10:00,0.26
01/02/2023,Czech Republic,BZN CZ,10:00 - 11:00,0.69
01/02/2023,Czech Republic,BZN CZ,11:00 - 12:00,1.17
01/02/2023,Czech Republic,BZN CZ,12:00 - 13:00,1.34
01/02/2023,Czech Republic,BZN CZ,13:00 - 14:00,1.53
01/02/2023,Czech Republic,BZN CZ,14:00 - 15:00,5.78
01/02/2023,Czech Republic,BZN CZ,15:00 - 16:00,23.72
01/02/2023,Czech Republic,BZN CZ,16:00 - 17:00,36.54
01/02/2023,Czech Republic,BZN CZ,17:00 - 18:00,46.03
01/02/2023,Czech Republic,BZN CZ,18:00 - 19:00,53.99
01/02/2023,Czech Republic,BZN CZ,19:00 - 20:00,54.95
01/02/2023,Czech Republic,BZN CZ,20:00 - 21:00,49.16
01/02/2023,Czech Republic,BZN CZ,21:00 - 22:00,44.56
01/02/2023,Czech Republic,BZN CZ,22:00 - 23:00,45.96
01/02/2023,Czech Republic,BZN CZ,23:00 - 00:00,35.0
01/02/2023,Denmark,BZN DK1,00:00 - 01:00,2.01
01/02/2023,Denmark,BZN DK1,01:00 - 02:00,1.38
01/02/2023,Denmark,BZN DK1,02:00 - 03:00,0.09
01/02/2023,Denmark,BZN DK1,03:00 - 04:00,0.08
01/02/2023,Denmark,BZN DK1,04:00 - 05:00,0.05
01/02/2023,Denmark,BZN DK1,05:00 - 06:00,0.0
01/02/2023,Denmark,BZN DK1,06:00 - 07:00,-0.38
01/02/2023,Denmark,BZN DK1,07:00 - 08:00,0.0
01/02/2023,Denmark,BZN DK1,08:00 - 09:00,0.0
01/02/2023,Denmark,BZN DK1,09:00 - 10:00,0.04
01/02/2023,Denmark,BZN DK1,10:00 - 11:00,0.8
01/02/2023,Denmark,BZN DK1,11:00 - 12:00,0.08
01/02/2023,Denmark,BZN DK1,12:00 - 13:00,0.04
01/02/2023,Denmark,BZN DK1,13:00 - 14:00,0.0
01/02/2023,Denmark,BZN DK1,14:00 - 15:00,0.85
01/02/2023,Denmark,BZN DK1,15:00 - 16:00,23.53
01/02/2023,Denmark,BZN DK1,16:00 - 17:00,36.54
01/02/2023,Denmark,BZN DK1,17:00 - 18:00,46.03
01/02/2023,Denmark,BZN DK1,18:00 - 19:00,55.57
01/02/2023,Denmark,BZN DK1,19:00 - 20:00,54.95
01/02/2023,Denmark,BZN DK1,20:00 - 21:00,49.23
01/02/2023,Denmark,BZN DK1,21:00 - 22:00,44.99
01/02/2023,Denmark,BZN DK1,22:00 - 23:00,45.96
01/02/2023,Denmark,BZN DK1,23:00 - 00:00,35.0
01/02/2023,Denmark,BZN DK2,00:00 - 01:00,2.01
01/02/2023,Denmark,BZN DK2,01:00 - 02:00,1.38
01/02/2023,Denmark,BZN DK2,02:00 - 03:00,0.09
01/02/2023,Denmark,BZN DK2,03:00 - 04:00,0.08
01/02/2023,Denmark,BZN DK2,04:00 - 05:00,0.05
01/02/2023,Denmark,BZN DK2,05:00 - 06:00,0.08
01/02/2023,Denmark,BZN DK2,06:00 - 07:00,0.09
01/02/2023,Denmark,BZN DK2,07:00 - 08:00,0.53
01/02/2023,Denmark,BZN DK2,08:00 - 09:00,2.03
01/02/2023,Denmark,BZN DK2,09:00 - 10:00,3.1
01/02/2023,Denmark,BZN DK2,10:00 - 11:00,4.43
01/02/2023,Denmark,BZN DK2,11:00 - 12:00,6.06
01/02/2023,Denmark,BZN DK2,12:00 - 13:00,6.06
01/02/2023,Denmark,BZN DK2,13:00 - 14:00,5.68
01/02/2023,Denmark,BZN DK2,14:00 - 15:00,17.71
01/02/2023,Denmark,BZN DK2,15:00 - 16:00,24.11
01/02/2023,Denmark,BZN DK2,16:00 - 17:00,36.54
01/02/2023,Denmark,BZN DK2,17:00 - 18:00,46.03
01/02/2023,Denmark,BZN DK2,18:00 - 19:00,55.57
01/02/2023,Denmark,BZN DK2,19:00 - 20:00,54.95
01/02/2023,Denmark,BZN DK2,20:00 - 21:00,49.23
01/02/2023,Denmark,BZN DK2,21:00 - 22:00,44.99
01/02/2023,Denmark,BZN DK2,22:00 - 23:00,45.96
01/02/2023,Denmark,BZN DK2,23:00 - 00:00,35.0
01/02/2023,Estonia,BZN EE,00:00 - 01:00,2.01
01/02/2023,Estonia,BZN EE,01:00 - 02:00,1.38
01/02/2023,Estonia,BZN EE,02:00 - 03:00,0.09
01/02/2023,Estonia,BZN EE,03:00 - 04:00,0.08
01/02/2023,Estonia,BZN EE,04:00 - 05:00,0.05
01/02/2023,Estonia,BZN EE,05:00 - 06:00,0.08
01/02/2023,Estonia,BZN EE,06:00 - 07:00,0.09
01/02/2023,Estonia,BZN EE,07:00 - 08:00,0.53
01/02/2023,Estonia,BZN EE,08:00 - 09:00,2.03
01/02/2023,Estonia,BZN EE,09:00 - 10:00,3.1
01/02/2023,Estonia,BZN EE,10:00 - 11:00,4.43
01/02/2023,Estonia,BZN EE,11:00 - 12:00,6.06
01/02/2023,Estonia,BZN EE,12:00 - 13:00,6.06
01/02/2023,Estonia,BZN EE,13:00 - 14:00,5.68
01/02/2023,Estonia,BZN EE,14:00 - 15:00,17.71
01/02/2023,Estonia,BZN EE,15:00 - 16:00,24.11
01/02/2023,Estonia,BZN EE,16:00 - 17:00,36.54
01/02/2023,Estonia,BZN EE,17:00 - 18:00,46.03
01/02/2023,Estonia,BZN EE,18:00 - 19:00,54.23
01/02/2023,Estonia,BZN EE,19:00 - 20:00,53.63
01/02/2023,Estonia,BZN EE,20:00 - 21:00,48.05
01/02/2023,Estonia,BZN EE,21:00 - 22:00,44.68
01/02/2023,Estonia,BZN EE,22:00 - 23:00,45.96
01/02/2023,Estonia,BZN EE,23:00 - 00:00,35.0
01/02/2023,Finland,BZN FI,00:00 - 01:00,2.01
01/02/2023,Finland,BZN FI,01:00 - 02:00,1.38
01/02/2023,Finland,BZN FI,02:00 - 03:00,0.09
01/02/2023,Finland,BZN FI,03:00 - 04:00,0.08
01/02/2023,Finland,BZN FI,04:00 - 05:00,0.05
01/02/2023,Finland,BZN FI,05:00 - 06:00,0.08
01/02/2023,Finland,BZN FI,06:00 - 07:00,0.09
01/02/2023,Finland,BZN FI,07:00 - 08:00,0.53
01/02/2023,Finland,BZN FI,08:00 - 09:00,2.03
01/02/2023,Finland,BZN FI,09:00 - 10:00,3.1
01/02/2023,Finland,BZN FI,10:00 - 11:00,4.43
01/02/2023,Finland,BZN FI,11:00 - 12:00,6.06
01/02/2023,Finland,BZN FI,12:00 - 13:00,6.06
01/02/2023,Finland,BZN FI,13:00 - 14:00,5.68
01/02/2023,Finland,BZN FI,14:00 - 15:00,17.71
01/02/2023,Finland,BZN FI,15:00 - 16:00,24.11
01/02/2023,Finland,BZN FI,16:00 - 17:00,36.54
01/02/2023,Finland,BZN FI,17:00 - 18:00,46.03
01/02/2023,Finland,BZN FI,18:00 - 19:00,54.23
01/02/2023,Finland,BZN FI,19:00 - 20:00,53.63
01/02/2023,Finland,BZN FI,20:00 - 21:00,48.05
01/02/2023,Finland,BZN FI,21:00 - 22:00,44.68
01/02/2023,Finland,BZN FI,22:00 - 23:00,45.96
01/02/2023,Finland,BZN FI,23:00 - 00:00,35.0
01/02/2023,Germany,BZN DE-LU,00:00 - 00:15,75.01
01/02/2023,Germany,BZN DE-LU,00:15 - 00:30,-29.95
01/02/2023,Germany,BZN DE-LU,00:30 - 00:45,-29.98
01/02/2023,Germany,BZN DE-LU,00:45 - 01:00,-30.0
01/02/2023,Germany,BZN DE-LU,01:00 - 01:15,26.81
01/02/2023,Germany,BZN DE-LU,01:15 - 01:30,-29.92
01/02/2023,Germany,BZN DE-LU,01:30 - 01:45,-29.94
01/02/2023,Germany,BZN DE-LU,01:45 - 02:00,-29.95
01/02/2023,Germany,BZN DE-LU,02:00 - 02:15,-29.92
01/02/2023,Germany,BZN DE-LU,02:15 - 02:30,-29.93
01/02/2023,Germany,BZN DE-LU,02:30 - 02:45,-29.94
01/02/2023,Germany,BZN DE-LU,02:45 - 03:00,-29.94
01/02/2023,Germany,BZN DE-LU,03:00 - 03:15,-29.92
01/02/2023,Germany,BZN DE-LU,03:15 - 03:30,-29.93
01/02/2023,Germany,BZN DE-LU,03:30 - 03:45,-29.94
01/02/2023,Germany,BZN DE-LU,03:45 - 04:00,-29.94
01/02/2023,Germany,BZN DE-LU,04:00 - 04:15,-29.9
01/02/2023,Germany,BZN DE-LU,04:15 - 04:30,-29.93
01/02/2023,Germany,BZN DE-LU,04:30 - 04:45,-29.93
01/02/2023,Germany,BZN DE-LU,04:45 - 05:00,-29.94
01/02/2023,Germany,BZN DE-LU,05:00 - 05:15,0.84
01/02/2023,Germany,BZN DE-LU,05:15 - 05:30,-29.92
01/02/2023,Germany,BZN DE-LU,05:30 - 05:45,-29.92
01/02/2023,Germany,BZN DE-LU,05:45 - 06:00,-29.93
01/02/2023,Germany,BZN DE-LU,06:00 - 06:15,11.73
01/02/2023,Germany,BZN DE-LU,06:15 - 06:30,-29.91
01/02/2023,Germany,BZN DE-LU,06:30 - 06:45,-29.91
01/02/2023,Germany,BZN DE-LU,06:45 - 07:00,-29.91
01/02/2023,Germany,BZN DE-LU,07:00 - 07:15,-29.9
01/02/2023,Germany,BZN DE-LU,07:15 - 07:30,-29.9
01/02/2023,Germany,BZN DE-LU,07:30 - 07:45,-29.9
01/02/2023,Germany,BZN DE-LU,07:45 - 08:00,17.7
01/02/2023,Germany,BZN DE-LU,08:00 - 08:15,-30.0
01/02/2023,Germany,BZN DE-LU,08:15 - 08:30,-29.9
01/02/2023,Germany,BZN DE-LU,08:30 - 08:45,-29.9
01/02/2023,Germany,BZN DE-LU,08:45 - 09:00,5.21
01/02/2023,Germany,BZN DE-LU,09:00 - 09:15,-30.0
01/02/2023,Germany,BZN DE-LU,09:15 - 09:30,-29.9
01/02/2023,Germany,BZN DE-LU,09:30 - 09:45,-29.9
01/02/2023,Germany,BZN DE-LU,09:45 - 10:00,91.99
01/02/2023,Germany,BZN DE-LU,10:00 - 10:15,-29.9
01/02/2023,Germany,BZN DE-LU,10:15 - 10:30,-29.9
01/02/2023,Germany,BZN DE-LU,10:30 - 10:45,-29.9
01/02/2023,Germany,BZN DE-LU,10:45 - 11:00,91.35
01/02/2023,Germany,BZN DE-LU,11:00 - 11:15,-30.0
01/02/2023,Germany,BZN DE-LU,11:15 - 11:30,-29.9
01/02/2023,Germany,BZN DE-LU,11:30 - 11:45,-29.9
01/02/2023,Germany,BZN DE-LU,11:45 - 12:00,91.57
01/02/2023,Germany,BZN DE-LU,12:00 - 12:15,-29.9
01/02/2023,Germany,BZN DE-LU,12:15 - 12:30,125.69
01/02/2023,Germany,BZN DE-LU,12:30 - 12:45,-29.91
01/02/2023,Germany,BZN DE-LU,12:45 - 13:00,-29.92
01/02/2023,Germany,BZN DE-LU,13:00 - 13:15,136.41
01/02/2023,Germany,BZN DE-LU,13:15 - 13:30,-29.94
01/02/2023,Germany,BZN DE-LU,13:30 - 13:45,-29.95
01/02/2023,Germany,BZN DE-LU,13:45 - 14:00,-29.97
01/02/2023,Germany,BZN DE-LU,14:00 - 14:15,168.3
01/02/2023,Germany,BZN DE-LU,14:15 - 14:30,-29.93
01/02/2023,Germany,BZN DE-LU,14:30 - 14:45,-29.93
01/02/2023,Germany,BZN DE-LU,14:45 - 15:00,-29.93
01/02/2023,Germany,BZN DE-LU,15:00 - 15:15,271.2
01/02/2023,Germany,BZN DE-LU,15:15 - 15:30,-29.9
01/02/2023,Germany,BZN DE-LU,15:30 - 15:45,-29.9
01/02/2023,Germany,BZN DE-LU,15:45 - 16:00,-29.9
01/02/2023,Germany,BZN DE-LU,16:00 - 16:15,-29.9
01/02/2023,Germany,BZN DE-LU,16:15 - 16:30,-29.9
01/02/2023,Germany,BZN DE-LU,16:30 - 16:45,-29.9
01/02/2023,Germany,BZN DE-LU,16:45 - 17:00,279.26
01/02/2023,Germany,BZN DE-LU,17:00 - 17:15,-30.0
01/02/2023,Germany,BZN DE-LU,17:15 - 17:30,-30.0
01/02/2023,Germany,BZN DE-LU,17:30 - 17:45,-29.9
01/02/2023,Germany,BZN DE-LU,17:45 - 18:00,480.14
01/02/2023,Germany,BZN DE-LU,18:00 - 18:15,-30.0
01/02/2023,Germany,BZN DE-LU,18:15 - 18:30,-29.9
01/02/2023,Germany,BZN DE-LU,18:30 - 18:45,-29.9
01/02/2023,Germany,BZN DE-LU,18:45 - 19:00,499.9
01/02/2023,Germany,BZN DE-LU,19:00 - 19:15,-29.9
01/02/2023,Germany,BZN DE-LU,19:15 - 19:30,-29.9
01/02/2023,Germany,BZN DE-LU,19:30 - 19:45,376.56
01/02/2023,Germany,BZN DE-LU,19:45 - 20:00,-29.9
01/02/2023,Germany,BZN DE-LU,20:00 - 20:15,277.06
01/02/2023,Germany,BZN DE-LU,20:15 - 20:30,-29.9
01/02/2023,Germany,BZN DE-LU,20:30 - 20:45,-30.0
01/02/2023,Germany,BZN DE-LU,20:45 - 21:00,-30.0
01/02/2023,Germany,BZN DE-LU,21:00 - 21:15,253.71
01/02/2023,Germany,BZN DE-LU,21:15 - 21:30,-29.9
01/02/2023,Germany,BZN DE-LU,21:30 - 21:45,-29.9
01/02/2023,Germany,BZN DE-LU,21:45 - 22:00,-29.9
01/02/2023,Germany,BZN DE-LU,22:00 - 22:15,219.7
01/02/2023,Germany,BZN DE-LU,22:15 - 22:30,-29.92
01/02/2023,Germany,BZN DE-LU,22:30 - 22:45,-29.94
01/02/2023,Germany,BZN DE-LU,22:45 - 23:00,-29.95
01/02/2023,Germany,BZN DE-LU,23:00 - 23:15,184.69
01/02/2023,Germany,BZN DE-LU,23:15 - 23:30,-29.94
01/02/2023,Germany,BZN DE-LU,23:30 - 23:45,-29.96
01/02/2023,Germany,BZN DE-LU,23:45 - 00:00,-29.98
01/02/2023,Greece,BZN GR,00:00 - 01:00,230.9
01/02/2023,Greece,BZN GR,01:00 - 02:00,268.19
01/02/2023,Greece,BZN GR,02:00 - 03:00,229.58
01/02/2023,Greece,BZN GR,03:00 - 04:00,235.98
01/02/2023,Greece,BZN GR,04:00 - 05:00,234.28
01/02/2023,Greece,BZN GR,05:00 - 06:00,237.63
01/02/2023,Greece,BZN GR,06:00 - 07:00,239.66
01/02/2023,Greece,BZN GR,07:00 - 08:00,231.88
01/02/2023,Greece,BZN GR,08:00 - 09:00,186.47
01/02/2023,Greece,BZN GR,09:00 - 10:00,186.47
01/02/2023,Greece,BZN GR,10:00 - 11:00,177.25
01/02/2023,Greece,BZN GR,11:00 - 12:00,168.5
01/02/2023,Greece,BZN GR,12:00 - 13:00,84.9
01/02/2023,Greece,BZN GR,13:00 - 14:00,81.95
01/02/2023,Greece,BZN GR,14:00 - 15:00,179.73
01/02/2023,Greece,BZN GR,15:00 - 16:00,295.0
01/02/2023,Greece,BZN GR,16:00 - 17:00,348.15
01/02/2023,Greece,BZN GR,17:00 - 18:00,322.34
01/02/2023,Greece,BZN GR,18:00 - 19:00,301.65
01/02/2023,Greece,BZN GR,19:00 - 20:00,353.15
01/02/2023,Greece,BZN GR,20:00 - 21:00,363.15
01/02/2023,Greece,BZN GR,21:00 - 22:00,283.56
01/02/2023,Greece,BZN GR,22:00 - 23:00,237.97
01/02/2023,Greece,BZN GR,23:00 - 00:00,230.59
01/02/2023,Hungary,BZN HU,00:00 - 01:00,19.76
01/02/2023,Hungary,BZN HU,01:00 - 02:00,0.19
01/02/2023,Hungary,BZN HU,02:00 - 03:00,0.07
01/02/2023,Hungary,BZN HU,03:00 - 04:00,0.01
01/02/2023,Hungary,BZN HU,04:00 - 05:00,-0.77
01/02/2023,Hungary,BZN HU,05:00 - 06:00,0.01
01/02/2023,Hungary,BZN HU,06:00 - 07:00,-2.56
01/02/2023,Hungary,BZN HU,07:00 - 08:00,0.02
01/02/2023,Hungary,BZN HU,08:00 - 09:00,0.3
01/02/2023,Hungary,BZN HU,09:00 - 10:00,0.95
01/02/2023,Hungary,BZN HU,10:00 - 11:00,1.6
01/02/2023,Hungary,BZN HU,11:00 - 12:00,2.32
01/02/2023,Hungary,BZN HU,12:00 - 13:00,2.43
01/02/2023,Hungary,BZN HU,13:00 - 14:00,2.56
01/02/2023,Hungary,BZN HU,14:00 - 15:00,9.96
01/02/2023,Hungary,BZN HU,15:00 - 16:00,23.87
01/02/2023,Hungary,BZN HU,16:00 - 17:00,36.54
01/02/2023,Hungary,BZN HU,17:00 - 18:00,46.03
01/02/2023,Hungary,BZN HU,18:00 - 19:00,53.35
01/02/2023,Hungary,BZN HU,19:00 - 20:00,54.95
01/02/2023,Hungary,BZN HU,20:00 - 21:00,49.08
01/02/2023,Hungary,BZN HU,21:00 - 22:00,44.32
01/02/2023,Hungary,BZN HU,22:00 - 23:00,45.96
01/02/2023,Hungary,BZN HU,23:00 - 00:00,35.0
01/02/2023,Ireland,BZN IE(SEM),00:00 - 01:00,166.1
01/02/2023,Ireland,BZN IE(SEM),01:00 - 02:00,160.38
01/02/2023,Ireland,BZN IE(SEM),02:00 - 03:00,157.75
01/02/2023,Ireland,BZN IE(SEM),03:00 - 04:00,147.5
01/02/2023,Ireland,BZN IE(SEM),04:00 - 05:00,144.71
01/02/2023,Ireland,BZN IE(SEM),05:00 - 06:00,144.71
01/02/2023,Ireland,BZN IE(SEM),06:00 - 07:00,142.53
01/02/2023,Ireland,BZN IE(SEM),07:00 - 08:00,136.3
01/02/2023,Ireland,BZN IE(SEM),08:00 - 09:00,149.86
01/02/2023,Ireland,BZN IE(SEM),09:00 - 10:00,160.0
01/02/2023,Ireland,BZN IE(SEM),10:00 - 11:00,175.0
01/02/2023,Ireland,BZN IE(SEM),11:00 - 12:00,189.82
01/02/2023,Ireland,BZN IE(SEM),12:00 - 13:00,189.92
01/02/2023,Ireland,BZN IE(SEM),13:00 - 14:00,198.4
01/02/2023,Ireland,BZN IE(SEM),14:00 - 15:00,201.87
01/02/2023,Ireland,BZN IE(SEM),15:00 - 16:00,206.0
01/02/2023,Ireland,BZN IE(SEM),16:00 - 17:00,195.0
01/02/2023,Ireland,BZN IE(SEM),17:00 - 18:00,221.0
01/02/2023,Ireland,BZN IE(SEM),18:00 - 19:00,255.0
01/02/2023,Ireland,BZN IE(SEM),19:00 - 20:00,240.2
01/02/2023,Ireland,BZN IE(SEM),20:00 - 21:00,210.37
01/02/2023,Ireland,BZN IE(SEM),21:00 - 22:00,198.31
01/02/2023,Ireland,BZN IE(SEM),22:00 - 23:00,190.97
01/02/2023,Ireland,BZN IE(SEM),23:00 - 00:00,176.55
01/02/2023,Italy,BZN IT-Calabria,00:00 - 01:00,195.9
01/02/2023,Italy,BZN IT-Calabria,01:00 - 02:00,191.09
01/02/2023,Italy,BZN IT-Calabria,02:00 - 03:00,187.95
01/02/2023,Italy,BZN IT-Calabria,03:00 - 04:00,187.82
01/02/2023,Italy,BZN IT-Calabria,04:00 - 05:00,187.74
01/02/2023,Italy,BZN IT-Calabria,05:00 - 06:00,187.74
01/02/2023,Italy,BZN IT-Calabria,06:00 - 07:00,187.22
01/02/2023,Italy,BZN IT-Calabria,07:00 - 08:00,187.82
01/02/2023,Italy,BZN IT-Calabria,08:00 - 09:00,186.47
01/02/2023,Italy,BZN IT-Calabria,09:00 - 10:00,186.47
01/02/2023,Italy,BZN IT-Calabria,10:00 - 11:00,177.25
01/02/2023,Italy,BZN IT-Calabria,11:00 - 12:00,168.5
01/02/2023,Italy,BZN IT-Calabria,12:00 - 13:00,173.0
01/02/2023,Italy,BZN IT-Calabria,13:00 - 14:00,165.89
01/02/2023,Italy,BZN IT-Calabria,14:00 - 15:00,179.73
01/02/2023,Italy,BZN IT-Calabria,15:00 - 16:00,188.06
01/02/2023,Italy,BZN IT-Calabria,16:00 - 17:00,193.67
01/02/2023,Italy,BZN IT-Calabria,17:00 - 18:00,213.36
01/02/2023,Italy,BZN IT-Calabria,18:00 - 19:00,229.99
01/02/2023,Italy,BZN IT-Calabria,19:00 - 20:00,243.42
01/02/2023,Italy,BZN IT-Calabria,20:00 - 21:00,235.0
01/02/2023,Italy,BZN IT-Calabria,21:00 - 22:00,203.25
01/02/2023,Italy,BZN IT-Calabria,22:00 - 23:00,190.85
01/02/2023,Italy,BZN IT-Calabria,23:00 - 00:00,187.28
01/02/2023,Italy,BZN IT-Centre-North,00:00 - 01:00,195.9
01/02/2023,Italy,BZN IT-Centre-North,01:00 - 02:00,191.09
01/02/2023,Italy,BZN IT-Centre-North,02:00 - 03:00,187.95
01/02/2023,Italy,BZN IT-Centre-North,03:00 - 04:00,187.82
01/02/2023,Italy,BZN IT-Centre-North,04:00 - 05:00,187.74
01/02/2023,Italy,BZN IT-Centre-North,05:00 - 06:00,187.74
01/02/2023,Italy,BZN IT-Centre-North,06:00 - 07:00,187.22
01/02/2023,Italy,BZN IT-Centre-North,07:00 - 08:00,187.82
01/02/2023,Italy,BZN IT-Centre-North,08:00 - 09:00,186.47
01/02/2023,Italy,BZN IT-Centre-North,09:00 - 10:00,186.47
01/02/2023,Italy,BZN IT-Centre-North,10:00 - 11:00,177.25
01/02/2023,Italy,BZN IT-Centre-North,11:00 - 12:00,168.5
01/02/2023,Italy,BZN IT-Centre-North,12:00 - 13:00,173.0
01/02/2023,Italy,BZN IT-Centre-North,13:00 - 14:00,165.89
01/02/2023,Italy,BZN IT-Centre-North,14:00 - 15:00,179.73
01/02/2023,Italy,BZN IT-Centre-North,15:00 - 16:00,188.06
01/02/2023,Italy,BZN IT-Centre-North,16:00 - 17:00,193.67
01/02/2023,Italy,BZN IT-Centre-North,17:00 - 18:00,213.36
01/02/2023,Italy,BZN IT-Centre-North,18:00 - 19:00,229.99
01/02/2023,Italy,BZN IT-Centre-North,19:00 - 20:00,243.42
01/02/2023,Italy,BZN IT-Centre-North,20:00 - 21:00,235.0
01/02/2023,Italy,BZN IT-Centre-North,21:00 - 22:00,203.25
01/02/2023,Italy,BZN IT-Centre-North,22:00 - 23:00,190.85
01/02/2023,Italy,BZN IT-Centre-North,23:00 - 00:00,187.28
01/02/2023,Italy,BZN IT-Centre-South,00:00 - 01:00,195.9
01/02/2023,Italy,BZN IT-Centre-South,01:00 - 02:00,191.09
01/02/2023,Italy,BZN IT-Centre-South,02:00 - 03:00,187.95
01/02/2023,Italy,BZN IT-Centre-South,03:00 - 04:00,187.82
01/02/2023,Italy,BZN IT-Centre-South,04:00 - 05:00,187.74
01/02/2023,Italy,BZN IT-Centre-South,05:00 - 06:00,187.74
01/02/2023,Italy,BZN IT-Centre-South,06:00 - 07:00,187.22
01/02/2023,Italy,BZN IT-Centre-South,07:00 - 08:00,187.82
01/02/2023,Italy,BZN IT-Centre-South,08:00 - 09:00,186.47
01/02/2023,Italy,BZN IT-Centre-South,09:00 - 10:00,186.47
01/02/2023,Italy,BZN IT-Centre-South,10:00 - 11:00,177.25
01/02/2023,Italy,BZN IT-Centre-South,11:00 - 12:00,168.5
01/02/2023,Italy,BZN IT-Centre-South,12:00 - 13:00,173.0
01/02/2023,Italy,BZN IT-Centre-South,13:00 - 14:00,165.89
01/02/2023,Italy,BZN IT-Centre-South,14:00 - 15:00,179.73
01/02/2023,Italy,BZN IT-Centre-South,15:00 - 16:00,188.06
01/02/2023,Italy,BZN IT-Centre-South,16:00 - 17:00,193.67
01/02/2023,Italy,BZN IT-Centre-South,17:00 - 18:00,213.36
01/02/2023,Italy,BZN IT-Centre-South,18:00 - 19:00,229.99
01/02/2023,Italy,BZN IT-Centre-South,19:00 - 20:00,243.42
01/02/2023,Italy,BZN IT-Centre-South,20:00 - 21:00,235.0
01/02/2023,Italy,BZN IT-Centre-South,21:00 - 22:00,203.25
01/02/2023,Italy,BZN IT-Centre-South,22:00 - 23:00,190.85
01/02/2023,Italy,BZN IT-Centre-South,23:00 - 00:00,187.28
01/02/2023,Italy,BZN IT-North,00:00 - 01:00,195.9
01/02/2023,Italy,BZN IT-North,01:00 - 02:00,191.09
01/02/2023,Italy,BZN IT-North,02:00 - 03:00,187.95
01/02/2023,Italy,BZN IT-North,03:00 - 04:00,187.82
01/02/2023,Italy,BZN IT-North,04:00 - 05:00,187.74
01/02/2023,Italy,BZN IT-North,05:00 - 06:00,187.74
01/02/2023,Italy,BZN IT-North,06:00 - 07:00,187.22
01/02/2023,Italy,BZN IT-North,07:00 - 08:00,187.82
01/02/2023,Italy,BZN IT-North,08:00 - 09:00,186.47
01/02/2023,Italy,BZN IT-North,09:00 - 10:00,186.47
01/02/2023,Italy,BZN IT-North,10:00 - 11:00,177.25
01/02/2023,Italy,BZN IT-North,11:00 - 12:00,168.5
01/02/2023,Italy,BZN IT-North,12:00 - 13:00,173.0
01/02/2023,Italy,BZN IT-North,13:00 - 14:00,165.89
01/02/2023,Italy,BZN IT-North,14:00 - 15:00,179.73
01/02/2023,Italy,BZN IT-North,15:00 - 16:00,188.06
01/02/2023,Italy,BZN IT-North,16:00 - 17:00,193.67
01/02/2023,Italy,BZN IT-North,17:00 - 18:00,213.36
01/02/2023,Italy,BZN IT-North,18:00 - 19:00,229.99
01/02/2023,Italy,BZN IT-North,19:00 - 20:00,243.42
01/02/2023,Italy,BZN IT-North,20:00 - 21:00,235.0
01/02/2023,Italy,BZN IT-North,21:00 - 22:00,203.25
01/02/2023,Italy,BZN IT-North,22:00 - 23:00,190.85
01/02/2023,Italy,BZN IT-North,23:00 - 00:00,187.28
01/02/2023,Italy,BZN IT-SACOAC,00:00 - 01:00,195.9
01/02/2023,Italy,BZN IT-SACOAC,01:00 - 02:00,191.09
01/02/2023,Italy,BZN IT-SACOAC,02:00 - 03:00,187.95
01/02/2023,Italy,BZN IT-SACOAC,03:00 - 04:00,187.82
01/02/2023,Italy,BZN IT-SACOAC,04:00 - 05:00,187.74
01/02/2023,Italy,BZN IT-SACOAC,05:00 - 06:00,187.74
01/02/2023,Italy,BZN IT-SACOAC,06:00 - 07:00,187.22
01/02/2023,Italy,BZN IT-SACOAC,07:00 - 08:00,187.82
01/02/2023,Italy,BZN IT-SACOAC,08:00 - 09:00,186.47
01/02/2023,Italy,BZN IT-SACOAC,09:00 - 10:00,186.47
01/02/2023,Italy,BZN IT-SACOAC,10:00 - 11:00,177.25
01/02/2023,Italy,BZN IT-SACOAC,11:00 - 12:00,168.5
01/02/2023,Italy,BZN IT-SACOAC,12:00 - 13:00,173.0
01/02/2023,Italy,BZN IT-SACOAC,13:00 - 14:00,165.89
01/02/2023,Italy,BZN IT-SACOAC,14:00 - 15:00,179.73
01/02/2023,Italy,BZN IT-SACOAC,15:00 - 16:00,188.06
01/02/2023,Italy,BZN IT-SACOAC,16:00 - 17:00,193.67
01/02/2023,Italy,BZN IT-SACOAC,17:00 - 18:00,213.36
01/02/2023,Italy,BZN IT-SACOAC,18:00 - 19:00,229.99
01/02/2023,Italy,BZN IT-SACOAC,19:00 - 20:00,243.42
01/02/2023,Italy,BZN IT-SACOAC,20:00 - 21:00,235.0
01/02/2023,Italy,BZN IT-SACOAC,21:00 - 22:00,203.25
01/02/2023,Italy,BZN IT-SACOAC,22:00 - 23:00,190.85
01/02/2023,Italy,BZN IT-SACOAC,23:00 - 00:00,187.28
01/02/2023,Italy,BZN IT-SACODC,00:00 - 01:00,195.9
01/02/2023,Italy,BZN IT-SACODC,01:00 - 02:00,191.09
01/02/2023,Italy,BZN IT-SACODC,02:00 - 03:00,187.95
01/02/2023,Italy,BZN IT-SACODC,03:00 - 04:00,187.82
01/02/2023,Italy,BZN IT-SACODC,04:00 - 05:00,187.74
01/02/2023,Italy,BZN IT-SACODC,05:00 - 06:00,187.74
01/02/2023,Italy,BZN IT-SACODC,06:00 - 07:00,187.22
01/02/2023,Italy,BZN IT-SACODC,07:00 - 08:00,187.82
01/02/2023,Italy,BZN IT-SACODC,08:00 - 09:00,186.47
01/02/2023,Italy,BZN IT-SACODC,09:00 - 10:00,186.47
01/02/2023,Italy,BZN IT-SACODC,10:00 - 11:00,177.25
01/02/2023,Italy,BZN IT-SACODC,11:00 - 12:00,168.5
01/02/2023,Italy,BZN IT-SACODC,12:00 - 13:00,173.0
01/02/2023,Italy,BZN IT-SACODC,13:00 - 14:00,165.89
01/02/2023,Italy,BZN IT-SACODC,14:00 - 15:00,179.73
01/02/2023,Italy,BZN IT-SACODC,15:00 - 16:00,188.06
01/02/2023,Italy,BZN IT-SACODC,16:00 - 17:00,193.67
01/02/2023,Italy,BZN IT-SACODC,17:00 - 18:00,213.36
01/02/2023,Italy,BZN IT-SACODC,18:00 - 19:00,229.99
01/02/2023,Italy,BZN IT-SACODC,19:00 - 20:00,243.42
01/02/2023,Italy,BZN IT-SACODC,20:00 - 21:00,235.0
01/02/2023,Italy,BZN IT-SACODC,21:00 - 22:00,203.25
01/02/2023,Italy,BZN IT-SACODC,22:00 - 23:00,190.85
01/02/2023,Italy,BZN IT-SACODC,23:00 - 00:00,187.28
01/02/2023,Italy,BZN IT-Sardina,00:00 - 01:00,195.9
01/02/2023,Italy,BZN IT-Sardina,01:00 - 02:00,191.09
01/02/2023,Italy,BZN IT-Sardina,02:00 - 03:00,187.95
01/02/2023,Italy,BZN IT-Sardina,03:00 - 04:00,187.82
01/02/2023,Italy,BZN IT-Sardina,04:00 - 05:00,187.74
01/02/2023,Italy,BZN IT-Sardina,05:00 - 06:00,187.74
01/02/2023,Italy,BZN IT-Sardina,06:00 - 07:00,187.22
01/02/2023,Italy,BZN IT-Sardina,07:00 - 08:00,187.82
01/02/2023,Italy,BZN IT-Sardina,08:00 - 09:00,186.47
01/02/2023,Italy,BZN IT-Sardina,09:00 - 10:00,186.47
01/02/2023,Italy,BZN IT-Sardina,10:00 - 11:00,177.25
01/02/2023,Italy,BZN IT-Sardina,11:00 - 12:00,168.5
01/02/2023,Italy,BZN IT-Sardina,12:00 - 13:00,173.0
01/02/2023,Italy,BZN IT-Sardina,13:00 - 14:00,165.89
01/02/2023,Italy,BZN IT-Sardina,14:00 - 15:00,179.73
01/02/2023,Italy,BZN IT-Sardina,15:00 - 16:00,188.06
01/02/2023,Italy,BZN IT-Sardina,16:00 - 17:00,193.67
01/02/2023,Italy,BZN IT-Sardina,17:00 - 18:00,213.36
01/02/2023,Italy,BZN IT-Sardina,18:00 - 19:00,229.99
01/02/2023,Italy,BZN IT-Sardina,19:00 - 20:00,243.42
01/02/2023,Italy,BZN IT-Sardina,20:00 - 21:00,235.0
01/02/2023,Italy,BZN IT-Sardina,21:00 - 22:00,203.25
01/02/2023,Italy,BZN IT-Sardina,22:00 - 23:00,190.85
01/02/2023,Italy,BZN IT-Sardina,23:00 - 00:00,187.28
01/02/2023,Italy,BZN IT-Sicily,00:00 - 01:00,195.9
01/02/2023,Italy,BZN IT-Sicily,01:00 - 02:00,191.09
01/02/2023,Italy,BZN IT-Sicily,02:00 - 03:00,187.95
01/02/2023,Italy,BZN IT-Sicily,03:00 - 04:00,187.82
01/02/2023,Italy,BZN IT-Sicily,04:00 - 05:00,187.74
01/02/2023,Italy,BZN IT-Sicily,05:00 - 06:00,187.74
01/02/2023,Italy,BZN IT-Sicily,06:00 - 07:00,187.22
01/02/2023,Italy,BZN IT-Sicily,07:00 - 08:00,187.82
01/02/2023,Italy,BZN IT-Sicily,08:00 - 09:00,186.47
01/02/2023,Italy,BZN IT-Sicily,09:00 - 10:00,186.47
01/02/2023,Italy,BZN IT-Sicily,10:00 - 11:00,177.25
01/02/2023,Italy,BZN IT-Sicily,11:00 - 12:00,168.5
01/02/2023,Italy,BZN IT-Sicily,12:00 - 13:00,173.0
01/02/2023,Italy,BZN IT-Sicily,13:00 - 14:00,165.89
01/02/2023,Italy,BZN IT-Sicily,14:00 - 15:00,179.73
01/02/2023,Italy,BZN IT-Sicily,15:00 - 16:00,188.06
01/02/2023,Italy,BZN IT-Sicily,16:00 - 17:00,193.67
01/02/2023,Italy,BZN IT-Sicily,17:00 - 18:00,213.36
01/02/2023,Italy,BZN IT-Sicily,18:00 - 19:00,229.99
01/02/2023,Italy,BZN IT-Sicily,19:00 - 20:00,243.42
01/02/2023,Italy,BZN IT-Sicily,20:00 - 21:00,235.0
01/02/2023,Italy,BZN IT-Sicily,21:00 - 22:00,203.25
01/02/2023,Italy,BZN IT-Sicily,22:00 - 23:00,190.85
01/02/2023,Italy,BZN IT-Sicily,23:00 - 00:00,187.28
01/02/2023,Italy,BZN IT-South,00:00 - 01:00,195.9
01/02/2023,Italy,BZN IT-South,01:00 - 02:00,191.09
01/02/2023,Italy,BZN IT-South,02:00 - 03:00,187.95
01/02/2023,Italy,BZN IT-South,03:00 - 04:00,187.82
01/02/2023,Italy,BZN IT-South,04:00 - 05:00,187.74
01/02/2023,Italy,BZN IT-South,05:00 - 06:00,187.74
01/02/2023,Italy,BZN IT-South,06:00 - 07:00,187.22
01/02/2023,Italy,BZN IT-South,07:00 - 08:00,187.82
01/02/2023,Italy,BZN IT-South,08:00 - 09:00,186.47
01/02/2023,Italy,BZN IT-South,09:00 - 10:00,186.47
01/02/2023,Italy,BZN IT-South,10:00 - 11:00,177.25
01/02/2023,Italy,BZN IT-South,11:00 - 12:00,168.5
01/02/2023,Italy,BZN IT-South,12:00 - 13:00,173.0
01/02/2023,Italy,BZN IT-South,13:00 - 14:00,165.89
01/02/2023,Italy,BZN IT-South,14:00 - 15:00,179.73
01/02/2023,Italy,BZN IT-South,15:00 - 16:00,188.06
01/02/2023,Italy,BZN IT-South,16:00 - 17:00,193.67
01/02/2023,Italy,BZN IT-South,17:00 - 18:00,213.36
01/02/2023,Italy,BZN IT-South,18:00 - 19:00,229.99
01/02/2023,Italy,BZN IT-South,19:00 - 20:00,243.42
01/02/2023,Italy,BZN IT-South,20:00 - 21:00,235.0
01/02/2023,Italy,BZN IT-South,21:00 - 22:00,203.25
01/02/2023,Italy,BZN IT-South,22:00 - 23:00,190.85
01/02/2023,Italy,BZN IT-South,23:00 - 00:00,187.28
01/02/2023,Latvia,BZN LV,00:00 - 01:00,2.01
01/02/2023,Latvia,BZN LV,01:00 - 02:00,1.38
01/02/2023,Latvia,BZN LV,02:00 - 03:00,0.09
01/02/2023,Latvia,BZN LV,03:00 - 04:00,0.08
01/02/2023,Latvia,BZN LV,04:00 - 05:00,0.05
01/02/2023,Latvia,BZN LV,05:00 - 06:00,0.08
01/02/2023,Latvia,BZN LV,06:00 - 07:00,0.09
01/02/2023,Latvia,BZN LV,07:00 - 08:00,0.53
01/02/2023,Latvia,BZN LV,08:00 - 09:00,2.03
01/02/2023,Latvia,BZN LV,09:00 - 10:00,3.1
01/02/2023,Latvia,BZN LV,10:00 - 11:00,4.43
01/02/2023,Latvia,BZN LV,11:00 - 12:00,6.06
01/02/2023,Latvia,BZN LV,12:00 - 13:00,6.06
01/02/2023,Latvia,BZN LV,13:00 - 14:00,5.68
01/02/2023,Latvia,BZN LV,14:00 - 15:00,17.71
01/02/2023,Latvia,BZN LV,15:00 - 16:00,24.11
01/02/2023,Latvia,BZN LV,16:00 - 17:00,36.54
01/02/2023,Latvia,BZN LV,17:00 - 18:00,46.03
01/02/2023,Latvia,BZN LV,18:00 - 19:00,54.23
01/02/2023,Latvia,BZN LV,19:00 - 20:00,53.63
01/02/2023,Latvia,BZN LV,20:00 - 21:00,48.05
01/02/2023,Latvia,BZN LV,21:00 - 22:00,44.68
01/02/2023,Latvia,BZN LV,22:00 - 23:00,45.96
01/02/2023,Latvia,BZN LV,23:00 - 00:00,35.0
01/02/2023,Lithuania,BZN LT,00:00 - 01:00,2.01
01/02/2023,Lithuania,BZN LT,01:00 - 02:00,1.38
01/02/2023,Lithuania,BZN LT,02:00 - 03:00,0.09
01/02/2023,Lithuania,BZN LT,03:00 - 04:00,0.08
01/02/2023,Lithuania,BZN LT,04:00 - 05:00,0.05
01/02/2023,Lithuania,BZN LT,05:00 - 06:00,0.08
01/02/2023,Lithuania,BZN LT,06:00 - 07:00,0.09
01/02/2023,Lithuania,BZN LT,07:00 - 08:00,0.53
01/02/2023,Lithuania,BZN LT,08:00 - 09:00,2.03
01/02/2023,Lithuania,BZN LT,09:00 - 10:00,3.1
01/02/2023,Lithuania,BZN LT,10:00 - 11:00,4.43
01/02/2023,Lithuania,BZN LT,11:00 - 12:00,6.06
01/02/2023,Lithuania,BZN LT,12:00 - 13:00,6.06
01/02/2023,Lithuania,BZN LT,13:00 - 14:00,5.68
01/02/2023,Lithuania,BZN LT,14:00 - 15:00,17.71
01/02/2023,Lithuania,BZN LT,15:00 - 16:00,24.11
01/02/2023,Lithuania,BZN LT,16:00 - 17:00,36.54
01/02/2023,Lithuania,BZN LT,17:00 - 18:00,46.03
01/02/2023,Lithuania,BZN LT,18:00 - 19:00,54.23
01/02/2023,Lithuania,BZN LT,19:00 - 20:00,53.63
01/02/2023,Lithuania,BZN LT,20:00 - 21:00,48.05
01/02/2023,Lithuania,BZN LT,21:00 - 22:00,44.68
01/02/2023,Lithuania,BZN LT,22:00 - 23:00,45.96
01/02/2023,Lithuania,BZN LT,23:00 - 00:00,35.0
01/02/2023,Luxembourg,BZN DE-LU,00:00 - 00:15,75.01
01/02/2023,Luxembourg,BZN DE-LU,00:15 - 00:30,-29.95
01/02/2023,Luxembourg,BZN DE-LU,00:30 - 00:45,-29.98
01/02/2023,Luxembourg,BZN DE-LU,00:45 - 01:00,-30.0
01/02/2023,Luxembourg,BZN DE-LU,01:00 - 01:15,26.81
01/02/2023,Luxembourg,BZN DE-LU,01:15 - 01:30,-29.92
01/02/2023,Luxembourg,BZN DE-LU,01:30 - 01:45,-29.94
01/02/2023,Luxembourg,BZN DE-LU,01:45 - 02:00,-29.95
01/02/2023,Luxembourg,BZN DE-LU,02:00 - 02:15,-29.92
01/02/2023,Luxembourg,BZN DE-LU,02:15 - 02:30,-29.93
01/02/2023,Luxembourg,BZN DE-LU,02:30 - 02:45,-29.94
01/02/2023,Luxembourg,BZN DE-LU,02:45 - 03:00,-29.94
01/02/2023,Luxembourg,BZN DE-LU,03:00 - 03:15,-29.92
01/02/2023,Luxembourg,BZN DE-LU,03:15 - 03:30,-29.93
01/02/2023,Luxembourg,BZN DE-LU,03:30 - 03:45,-29.94
01/02/2023,Luxembourg,BZN DE-LU,03:45 - 04:00,-29.94
01/02/2023,Luxembourg,BZN DE-LU,04:00 - 04:15,-29.9
01/02/2023,Luxembourg,BZN DE-LU,04:15 - 04:30,-29.93
01/02/2023,Luxembourg,BZN DE-LU,04:30 - 04:45,-29.93
01/02/2023,Luxembourg,BZN DE-LU,04:45 - 05:00,-29.94
01/02/2023,Luxembourg,BZN DE-LU,05:00 - 05:15,0.84
01/02/2023,Luxembourg,BZN DE-LU,05:15 - 05:30,-29.92
01/02/2023,Luxembourg,BZN DE-LU,05:30 - 05:45,-29.92
01/02/2023,Luxembourg,BZN DE-LU,05:45 - 06:00,-29.93
01/02/2023,Luxembourg,BZN DE-LU,06:00 - 06:15,11.73
01/02/2023,Luxembourg,BZN DE-LU,06:15 - 06:30,-29.91
01/02/2023,Luxembourg,BZN DE-LU,06:30 - 06:45,-29.91
01/02/2023,Luxembourg,BZN DE-LU,06:45 - 07:00,-29.91
01/02/2023,Luxembourg,BZN DE-LU,07:00 - 07:15,-29.9
01/02/2023,Luxembourg,BZN DE-LU,07:15 - 07:30,-29.9
01/02/2023,Luxembourg,BZN DE-LU,07:30 - 07:45,-29.9
01/02/2023,Luxembourg,BZN DE-LU,07:45 - 08:00,17.7
01/02/2023,Luxembourg,BZN DE-LU,08:00 - 08:15,-30.0
01/02/2023,Luxembourg,BZN DE-LU,08:15 - 08:30,-29.9
01/02/2023,Luxembourg,BZN DE-LU,08:30 - 08:45,-29.9
01/02/2023,Luxembourg,BZN DE-LU,08:45 - 09:00,5.21
01/02/2023,Luxembourg,BZN DE-LU,09:00 - 09:15,-30.0
01/02/2023,Luxembourg,BZN DE-LU,09:15 - 09:30,-29.9
01/02/2023,Luxembourg,BZN DE-LU,09:30 - 09:45,-29.9
01/02/2023,Luxembourg,BZN DE-LU,09:45 - 10:00,91.99
01/02/2023,Luxembourg,BZN DE-LU,10:00 - 10:15,-29.9
01/02/2023,Luxembourg,BZN DE-LU,10:15 - 10:30,-29.9
01/02/2023,Luxembourg,BZN DE-LU,10:30 - 10:45,-29.9
01/02/2023,Luxembourg,BZN DE-LU,10:45 - 11:00,91.35
01/02/2023,Luxembourg,BZN DE-LU,11:00 - 11:15,-30.0
01/02/2023,Luxembourg,BZN DE-LU,11:15 - 11:30,-29.9
01/02/2023,Luxembourg,BZN DE-LU,11:30 - 11:45,-29.9
01/02/2023,Luxembourg,BZN DE-LU,11:45 - 12:00,91.57
01/02/2023,Luxembourg,BZN DE-LU,12:00 - 12:15,-29.9
01/02/2023,Luxembourg,BZN DE-LU,12:15 - 12:30,125.69
01/02/2023,Luxembourg,BZN DE-LU,12:30 - 12:45,-29.91
01/02/2023,Luxembourg,BZN DE-LU,12:45 - 13:00,-29.92
01/02/2023,Luxembourg,BZN DE-LU,13:00 - 13:15,136.41
01/02/2023,Luxembourg,BZN DE-LU,13:15 - 13:30,-29.94
01/02/2023,Luxembourg,BZN DE-LU,13:30 - 13:45,-29.95
01/02/2023,Luxembourg,BZN DE-LU,13:45 - 14:00,-29.97
01/02/2023,Luxembourg,BZN DE-LU,14:00 - 14:15,168.3
01/02/2023,Luxembourg,BZN DE-LU,14:15 - 14:30,-29.93
01/02/2023,Luxembourg,BZN DE-LU,14:30 - 14:45,-29.93
01/02/2023,Luxembourg,BZN DE-LU,14:45 - 15:00,-29.93
01/02/2023,Luxembourg,BZN DE-LU,15:00 - 15:15,271.2
01/02/2023,Luxembourg,BZN DE-LU,15:15 - 15:30,-29.9
01/02/2023,Luxembourg,BZN DE-LU,15:30 - 15:45,-29.9
01/02/2023,Luxembourg,BZN DE-LU,15:45 - 16:00,-29.9
01/02/2023,Luxembourg,BZN DE-LU,16:00 - 16:15,-29.9
01/02/2023,Luxembourg,BZN DE-LU,16:15 - 16:30,-29.9
01/02/2023,Luxembourg,BZN DE-LU,16:30 - 16:45,-29.9
01/02/2023,Luxembourg,BZN DE-LU,16:45 - 17:00,279.26
01/02/2023,Luxembourg,BZN DE-LU,17:00 - 17:15,-30.0
01/02/2023,Luxembourg,BZN DE-LU,17:15 - 17:30,-30.0
01/02/2023,Luxembourg,BZN DE-LU,17:30 - 17:45,-29.9
01/02/2023,Luxembourg,BZN DE-LU,17:45 - 18:00,480.14
01/02/2023,Luxembourg,BZN DE-LU,18:00 - 18:15,-30.0
01/02/2023,Luxembourg,BZN DE-LU,18:15 - 18:30,-29.9
01/02/2023,Luxembourg,BZN DE-LU,18:30 - 18:45,-29.9
01/02/2023,Luxembourg,BZN DE-LU,18:45 - 19:00,499.9
01/02/2023,Luxembourg,BZN DE-LU,19:00 - 19:15,-29.9
01/02/2023,Luxembourg,BZN DE-LU,19:15 - 19:30,-29.9
01/02/2023,Luxembourg,BZN DE-LU,19:30 - 19:45,376.56
01/02/2023,Luxembourg,BZN DE-LU,19:45 - 20:00,-29.9
01/02/2023,Luxembourg,BZN DE-LU,20:00 - 20:15,277.06
01/02/2023,Luxembourg,BZN DE-LU,20:15 - 20:30,-29.9
01/02/2023,Luxembourg,BZN DE-LU,20:30 - 20:45,-30.0
01/02/2023,Luxembourg,BZN DE-LU,20:45 - 21:00,-30.0
01/02/2023,Luxembourg,BZN DE-LU,21:00 - 21:15,253.71
01/02/2023,Luxembourg,BZN DE-LU,21:15 - 21:30,-29.9
01/02/2023,Luxembourg,BZN DE-LU,21:30 - 21:45,-29.9
01/02/2023,Luxembourg,BZN DE-LU,21:45 - 22:00,-29.9
01/02/2023,Luxembourg,BZN DE-LU,22:00 - 22:15,219.7
01/02/2023,Luxembourg,BZN DE-LU,22:15 - 22:30,-29.92
01/02/2023,Luxembourg,BZN DE-LU,22:30 - 22:45,-29.94
01/02/2023,Luxembourg,BZN DE-LU,22:45 - 23:00,-29.95
01/02/2023,Luxembourg,BZN DE-LU,23:00 - 23:15,184.69
01/02/2023,Luxembourg,BZN DE-LU,23:15 - 23:30,-29.94
01/02/2023,Luxembourg,BZN DE-LU,23:30 - 23:45,-29.96
01/02/2023,Luxembourg,BZN DE-LU,23:45 - 00:00,-29.98
01/02/2023,Netherlands,BZN NL,00:00 - 01:00,-3.61
01/02/2023,Netherlands,BZN NL,01:00 - 02:00,-1.46
01/02/2023,Netherlands,BZN NL,02:00 - 03:00,-1.52
01/02/2023,Netherlands,BZN NL,03:00 - 04:00,-5.0
01/02/2023,Netherlands,BZN NL,04:00 - 05:00,-4.6
01/02/2023,Netherlands,BZN NL,05:00 - 06:00,-4.05
01/02/2023,Netherlands,BZN NL,06:00 - 07:00,-3.6
01/02/2023,Netherlands,BZN NL,07:00 - 08:00,0.0
01/02/2023,Netherlands,BZN NL,08:00 - 09:00,0.0
01/02/2023,Netherlands,BZN NL,09:00 - 10:00,0.0
01/02/2023,Netherlands,BZN NL,10:00 - 11:00,0.99
01/02/2023,Netherlands,BZN NL,11:00 - 12:00,0.58
01/02/2023,Netherlands,BZN NL,12:00 - 13:00,0.04
01/02/2023,Netherlands,BZN NL,13:00 - 14:00,0.0
01/02/2023,Netherlands,BZN NL,14:00 - 15:00,0.85
01/02/2023,Netherlands,BZN NL,15:00 - 16:00,23.53
01/02/2023,Netherlands,BZN NL,16:00 - 17:00,36.54
01/02/2023,Netherlands,BZN NL,17:00 - 18:00,46.03
01/02/2023,Netherlands,BZN NL,18:00 - 19:00,99.9
01/02/2023,Netherlands,BZN NL,19:00 - 20:00,54.95
01/02/2023,Netherlands,BZN NL,20:00 - 21:00,62.0
01/02/2023,Netherlands,BZN NL,21:00 - 22:00,52.93
01/02/2023,Netherlands,BZN NL,22:00 - 23:00,45.96
01/02/2023,Netherlands,BZN NL,23:00 - 00:00,35.0
01/02/2023,Norway,BZN NO1,00:00 - 01:00,119.32
01/02/2023,Norway,BZN NO1,01:00 - 02:00,108.83
01/02/2023,Norway,BZN NO1,02:00 - 03:00,102.39
01/02/2023,Norway,BZN NO1,03:00 - 04:00,92.36
01/02/2023,Norway,BZN NO1,04:00 - 05:00,82.66
01/02/2023,Norway,BZN NO1,05:00 - 06:00,79.58
01/02/2023,Norway,BZN NO1,06:00 - 07:00,77.65
01/02/2023,Norway,BZN NO1,07:00 - 08:00,66.27
01/02/2023,Norway,BZN NO1,08:00 - 09:00,80.89
01/02/2023,Norway,BZN NO1,09:00 - 10:00,93.73
01/02/2023,Norway,BZN NO1,10:00 - 11:00,106.05
01/02/2023,Norway,BZN NO1,11:00 - 12:00,116.28
01/02/2023,Norway,BZN NO1,12:00 - 13:00,120.02
01/02/2023,Norway,BZN NO1,13:00 - 14:00,122.17
01/02/2023,Norway,BZN NO1,14:00 - 15:00,120.11
01/02/2023,Norway,BZN NO1,15:00 - 16:00,120.71
01/02/2023,Norway,BZN NO1,16:00 - 17:00,121.98
01/02/2023,Norway,BZN NO1,17:00 - 18:00,122.16
01/02/2023,Norway,BZN NO1,18:00 - 19:00,121.77
01/02/2023,Norway,BZN NO1,19:00 - 20:00,121.01
01/02/2023,Norway,BZN NO1,20:00 - 21:00,120.4
01/02/2023,Norway,BZN NO1,21:00 - 22:00,119.6
01/02/2023,Norway,BZN NO1,22:00 - 23:00,116.24
01/02/2023,Norway,BZN NO1,23:00 - 00:00,115.45
01/02/2023,Norway,BZN NO2,00:00 - 01:00,119.32
01/02/2023,Norway,BZN NO2,01:00 - 02:00,108.83
01/02/2023,Norway,BZN NO2,02:00 - 03:00,102.39
01/02/2023,Norway,BZN NO2,03:00 - 04:00,92.36
01/02/2023,Norway,BZN NO2,04:00 - 05:00,82.66
01/02/2023,Norway,BZN NO2,05:00 - 06:00,79.58
01/02/2023,Norway,BZN NO2,06:00 - 07:00,77.65
01/02/2023,Norway,BZN NO2,07:00 - 08:00,66.27
01/02/2023,Norway,BZN NO2,08:00 - 09:00,80.89
01/02/2023,Norway,BZN NO2,09:00 - 10:00,93.73
01/02/2023,Norway,BZN NO2,10:00 - 11:00,106.05
01/02/2023,Norway,BZN NO2,11:00 - 12:00,116.28
01/02/2023,Norway,BZN NO2,12:00 - 13:00,120.02
01/02/2023,Norway,BZN NO2,13:00 - 14:00,122.17
01/02/2023,Norway,BZN NO2,14:00 - 15:00,120.11
01/02/2023,Norway,BZN NO2,15:00 - 16:00,120.71
01/02/2023,Norway,BZN NO2,16:00 - 17:00,121.98
01/02/2023,Norway,BZN NO2,17:00 - 18:00,122.16
01/02/2023,Norway,BZN NO2,18:00 - 19:00,121.77
01/02/2023,Norway,BZN NO2,19:00 - 20:00,121.01
01/02/2023,Norway,BZN NO2,20:00 - 21:00,120.4
01/02/2023,Norway,BZN NO2,21:00 - 22:00,119.6
01/02/2023,Norway,BZN NO2,22:00 - 23:00,116.24
01/02/2023,Norway,BZN NO2,23:00 - 00:00,115.45
01/02/2023,Norway,BZN NO2NSL,00:00 - 01:00,135.21
01/02/2023,Norway,BZN NO2NSL,01:00 - 02:00,120.66
01/02/2023,Norway,BZN NO2NSL,02:00 - 03:00,103.81
01/02/2023,Norway,BZN NO2NSL,03:00 - 04:00,82.81
01/02/2023,Norway,BZN NO2NSL,04:00 - 05:00,69.77
01/02/2023,Norway,BZN NO2NSL,05:00 - 06:00,70.07
01/02/2023,Norway,BZN NO2NSL,06:00 - 07:00,71.0
01/02/2023,Norway,BZN NO2NSL,07:00 - 08:00,72.66
01/02/2023,Norway,BZN NO2NSL,08:00 - 09:00,69.6
01/02/2023,Norway,BZN NO2NSL,09:00 - 10:00,98.55
01/02/2023,Norway,BZN NO2NSL,10:00 - 11:00,116.1
01/02/2023,Norway,BZN NO2NSL,11:00 - 12:00,114.02
01/02/2023,Norway,BZN NO2NSL,12:00 - 13:00,131.3
01/02/2023,Norway,BZN NO2NSL,13:00 - 14:00,133.62
01/02/2023,Norway,BZN NO2NSL,14:00 - 15:00,132.65
01/02/2023,Norway,BZN NO2NSL,15:00 - 16:00,133.47
01/02/2023,Norway,BZN NO2NSL,16:00 - 17:00,136.78
01/02/2023,Norway,BZN NO2NSL,17:00 - 18:00,134.76
01/02/2023,Norway,BZN NO2NSL,18:00 - 19:00,134.73
01/02/2023,Norway,BZN NO2NSL,19:00 - 20:00,134.29
01/02/2023,Norway,BZN NO2NSL,20:00 - 21:00,130.27
01/02/2023,Norway,BZN NO2NSL,21:00 - 22:00,131.59
01/02/2023,Norway,BZN NO2NSL,22:00 - 23:00,128.48
01/02/2023,Norway,BZN NO2NSL,23:00 - 00:00,130.06
01/02/2023,Norway,BZN NO3,00:00 - 01:00,23.35
01/02/2023,Norway,BZN NO3,01:00 - 02:00,23.28
01/02/2023,Norway,BZN NO3,02:00 - 03:00,23.37
01/02/2023,Norway,BZN NO3,03:00 - 04:00,23.67
01/02/2023,Norway,BZN NO3,04:00 - 05:00,24.12
01/02/2023,Norway,BZN NO3,05:00 - 06:00,32.24
01/02/2023,Norway,BZN NO3,06:00 - 07:00,35.93
01/02/2023,Norway,BZN NO3,07:00 - 08:00,42.78
01/02/2023,Norway,BZN NO3,08:00 - 09:00,47.7
01/02/2023,Norway,BZN NO3,09:00 - 10:00,53.38
01/02/2023,Norway,BZN NO3,10:00 - 11:00,59.34
01/02/2023,Norway,BZN NO3,11:00 - 12:00,61.66
01/02/2023,Norway,BZN NO3,12:00 - 13:00,64.91
01/02/2023,Norway,BZN NO3,13:00 - 14:00,71.03
01/02/2023,Norway,BZN NO3,14:00 - 15:00,73.11
01/02/2023,Norway,BZN NO3,15:00 - 16:00,77.13
01/02/2023,Norway,BZN NO3,16:00 - 17:00,75.32
01/02/2023,Norway,BZN NO3,17:00 - 18:00,70.82
01/02/2023,Norway,BZN NO3,18:00 - 19:00,63.68
01/02/2023,Norway,BZN NO3,19:00 - 20:00,60.37
01/02/2023,Norway,BZN NO3,20:00 - 21:00,50.96
01/02/2023,Norway,BZN NO3,21:00 - 22:00,48.59
01/02/2023,Norway,BZN NO3,22:00 - 23:00,49.98
01/02/2023,Norway,BZN NO3,23:00 - 00:00,54.01
01/02/2023,Norway,BZN NO4,00:00 - 01:00,23.35
01/02/2023,Norway,BZN NO4,01:00 - 02:00,23.28
01/02/2023,Norway,BZN NO4,02:00 - 03:00,23.37
01/02/2023,Norway,BZN NO4,03:00 - 04:00,23.67
01/02/2023,Norway,BZN NO4,04:00 - 05:00,24.12
01/02/2023,Norway,BZN NO4,05:00 - 06:00,24.67
01/02/2023,Norway,BZN NO4,06:00 - 07:00,24.54
01/02/2023,Norway,BZN NO4,07:00 - 08:00,24.69
01/02/2023,Norway,BZN NO4,08:00 - 09:00,24.84
01/02/2023,Norway,BZN NO4,09:00 - 10:00,25.18
01/02/2023,Norway,BZN NO4,10:00 - 11:00,25.47
01/02/2023,Norway,BZN NO4,11:00 - 12:00,25.6
01/02/2023,Norway,BZN NO4,12:00 - 13:00,25.49
01/02/2023,Norway,BZN NO4,13:00 - 14:00,25.5
01/02/2023,Norway,BZN NO4,14:00 - 15:00,25.65
01/02/2023,Norway,BZN NO4,15:00 - 16:00,25.47
01/02/2023,Norway,BZN NO4,16:00 - 17:00,36.54
01/02/2023,Norway,BZN NO4,17:00 - 18:00,46.03
01/02/2023,Norway,BZN NO4,18:00 - 19:00,54.23
01/02/2023,Norway,BZN NO4,19:00 - 20:00,53.63
01/02/2023,Norway,BZN NO4,20:00 - 21:00,48.05
01/02/2023,Norway,BZN NO4,21:00 - 22:00,44.68
01/02/2023,Norway,BZN NO4,22:00 - 23:00,45.96
01/02/2023,Norway,BZN NO4,23:00 - 00:00,35.0
01/02/2023,Norway,BZN NO5,00:00 - 01:00,119.32
01/02/2023,Norway,BZN NO5,01:00 - 02:00,108.83
01/02/2023,Norway,BZN NO5,02:00 - 03:00,102.39
01/02/2023,Norway,BZN NO5,03:00 - 04:00,92.36
01/02/2023,Norway,BZN NO5,04:00 - 05:00,82.66
01/02/2023,Norway,BZN NO5,05:00 - 06:00,80.58
01/02/2023,Norway,BZN NO5,06:00 - 07:00,77.65
01/02/2023,Norway,BZN NO5,07:00 - 08:00,66.27
01/02/2023,Norway,BZN NO5,08:00 - 09:00,80.89
01/02/2023,Norway,BZN NO5,09:00 - 10:00,93.73
01/02/2023,Norway,BZN NO5,10:00 - 11:00,106.05
01/02/2023,Norway,BZN NO5,11:00 - 12:00,116.28
01/02/2023,Norway,BZN NO5,12:00 - 13:00,120.02
01/02/2023,Norway,BZN NO5,13:00 - 14:00,122.17
01/02/2023,Norway,BZN NO5,14:00 - 15:00,120.11
01/02/2023,Norway,BZN NO5,15:00 - 16:00,120.71
01/02/2023,Norway,BZN NO5,16:00 - 17:00,121.98
01/02/2023,Norway,BZN NO5,17:00 - 18:00,122.16
01/02/2023,Norway,BZN NO5,18:00 - 19:00,121.77
01/02/2023,Norway,BZN NO5,19:00 - 20:00,121.01
01/02/2023,Norway,BZN NO5,20:00 - 21:00,120.4
01/02/2023,Norway,BZN NO5,21:00 - 22:00,119.6
01/02/2023,Norway,BZN NO5,22:00 - 23:00,116.24
01/02/2023,Norway,BZN NO5,23:00 - 00:00,115.45
01/02/2023,Poland,BZN PL,00:00 - 01:00,18.09
01/02/2023,Poland,BZN PL,01:00 - 02:00,5.75
01/02/2023,Poland,BZN PL,02:00 - 03:00,5.27
01/02/2023,Poland,BZN PL,03:00 - 04:00,5.74
01/02/2023,Poland,BZN PL,04:00 - 05:00,5.22
01/02/2023,Poland,BZN PL,05:00 - 06:00,6.14
01/02/2023,Poland,BZN PL,06:00 - 07:00,5.31
01/02/2023,Poland,BZN PL,07:00 - 08:00,5.99
01/02/2023,Poland,BZN PL,08:00 - 09:00,6.63
01/02/2023,Poland,BZN PL,09:00 - 10:00,6.64
01/02/2023,Poland,BZN PL,10:00 - 11:00,5.17
01/02/2023,Poland,BZN PL,11:00 - 12:00,8.53
01/02/2023,Poland,BZN PL,12:00 - 13:00,10.72
01/02/2023,Poland,BZN PL,13:00 - 14:00,14.06
01/02/2023,Poland,BZN PL,14:00 - 15:00,56.41
01/02/2023,Poland,BZN PL,15:00 - 16:00,91.66
01/02/2023,Poland,BZN PL,16:00 - 17:00,97.81
01/02/2023,Poland,BZN PL,17:00 - 18:00,102.08
01/02/2023,Poland,BZN PL,18:00 - 19:00,106.34
01/02/2023,Poland,BZN PL,19:00 - 20:00,108.73
01/02/2023,Poland,BZN PL,20:00 - 21:00,106.65
01/02/2023,Poland,BZN PL,21:00 - 22:00,107.42
01/02/2023,Poland,BZN PL,22:00 - 23:00,103.81
01/02/2023,Poland,BZN PL,23:00 - 00:00,90.35
01/02/2023,Portugal,BZN PT,00:00 - 01:00,0.0
01/02/2023,Portugal,BZN PT,01:00 - 02:00,0.0
01/02/2023,Portugal,BZN PT,02:00 - 03:00,0.0
01/02/2023,Portugal,BZN PT,03:00 - 04:00,0.0
01/02/2023,Portugal,BZN PT,04:00 - 05:00,0.0
01/02/2023,Portugal,BZN PT,05:00 - 06:00,0.0
01/02/2023,Portugal,BZN PT,06:00 - 07:00,0.0
01/02/2023,Portugal,BZN PT,07:00 - 08:00,0.0
01/02/2023,Portugal,BZN PT,08:00 - 09:00,0.0
01/02/2023,Portugal,BZN PT,09:00 - 10:00,0.0
01/02/2023,Portugal,BZN PT,10:00 - 11:00,0.0
01/02/2023,Portugal,BZN PT,11:00 - 12:00,0.0
01/02/2023,Portugal,BZN PT,12:00 - 13:00,0.0
01/02/2023,Portugal,BZN PT,13:00 - 14:00,0.1
01/02/2023,Portugal,BZN PT,14:00 - 15:00,0.1
01/02/2023,Portugal,BZN PT,15:00 - 16:00,0.01
01/02/2023,Portugal,BZN PT,16:00 - 17:00,1.0
01/02/2023,Portugal,BZN PT,17:00 - 18:00,4.16
01/02/2023,Portugal,BZN PT,18:00 - 19:00,15.1
01/02/2023,Portugal,BZN PT,19:00 - 20:00,19.51
01/02/2023,Portugal,BZN PT,20:00 - 21:00,24.61
01/02/2023,Portugal,BZN PT,21:00 - 22:00,40.07
01/02/2023,Portugal,BZN PT,22:00 - 23:00,40.07
01/02/2023,Portugal,BZN PT,23:00 - 00:00,16.0
01/02/2023,Romania,BZN RO,00:00 - 01:00,20.02
01/02/2023,Romania,BZN RO,01:00 - 02:00,0.18
01/02/2023,Romania,BZN RO,02:00 - 03:00,0.01
01/02/2023,Romania,BZN RO,03:00 - 04:00,0.01
01/02/2023,Romania,BZN RO,04:00 - 05:00,0.01
01/02/2023,Romania,BZN RO,05:00 - 06:00,0.01
01/02/2023,Romania,BZN RO,06:00 - 07:00,0.0
01/02/2023,Romania,BZN RO,07:00 - 08:00,0.01
01/02/2023,Romania,BZN RO,08:00 - 09:00,0.29
01/02/2023,Romania,BZN RO,09:00 - 10:00,0.93
01/02/2023,Romania,BZN RO,10:00 - 11:00,1.57
01/02/2023,Romania,BZN RO,11:00 - 12:00,2.27
01/02/2023,Romania,BZN RO,12:00 - 13:00,2.4
01/02/2023,Romania,BZN RO,13:00 - 14:00,2.49
01/02/2023,Romania,BZN RO,14:00 - 15:00,9.7
01/02/2023,Romania,BZN RO,15:00 - 16:00,23.86
01/02/2023,Romania,BZN RO,16:00 - 17:00,36.54
01/02/2023,Romania,BZN RO,17:00 - 18:00,46.03
01/02/2023,Romania,BZN RO,18:00 - 19:00,53.22
01/02/2023,Romania,BZN RO,19:00 - 20:00,54.95
01/02/2023,Romania,BZN RO,20:00 - 21:00,49.06
01/02/2023,Romania,BZN RO,21:00 - 22:00,44.27
01/02/2023,Romania,BZN RO,22:00 - 23:00,45.96
01/02/2023,Romania,BZN RO,23:00 - 00:00,35.0
01/02/2023,Serbia,BZN RS,00:00 - 01:00,19.06
01/02/2023,Serbia,BZN RS,01:00 - 02:00,10.98
01/02/2023,Serbia,BZN RS,02:00 - 03:00,5.03
01/02/2023,Serbia,BZN RS,03:00 - 04:00,5.0
01/02/2023,Serbia,BZN RS,04:00 - 05:00,4.46
01/02/2023,Serbia,BZN RS,05:00 - 06:00,3.0
01/02/2023,Serbia,BZN RS,06:00 - 07:00,9.07
01/02/2023,Serbia,BZN RS,07:00 - 08:00,4.07
01/02/2023,Serbia,BZN RS,08:00 - 09:00,10.25
01/02/2023,Serbia,BZN RS,09:00 - 10:00,12.09
01/02/2023,Serbia,BZN RS,10:00 - 11:00,20.96
01/02/2023,Serbia,BZN RS,11:00 - 12:00,28.35
01/02/2023,Serbia,BZN RS,12:00 - 13:00,30.03
01/02/2023,Serbia,BZN RS,13:00 - 14:00,31.04
01/02/2023,Serbia,BZN RS,14:00 - 15:00,29.64
01/02/2023,Serbia,BZN RS,15:00 - 16:00,62.45
01/02/2023,Serbia,BZN RS,16:00 - 17:00,150.02
01/02/2023,Serbia,BZN RS,17:00 - 18:00,137.86
01/02/2023,Serbia,BZN RS,18:00 - 19:00,127.54
01/02/2023,Serbia,BZN RS,19:00 - 20:00,127.04
01/02/2023,Serbia,BZN RS,20:00 - 21:00,76.02
01/02/2023,Serbia,BZN RS,21:00 - 22:00,51.02
01/02/2023,Serbia,BZN RS,22:00 - 23:00,41.02
01/02/2023,Serbia,BZN RS,23:00 - 00:00,35.95
01/02/2023,Slovakia,BZN SK,00:00 - 01:00,20.26
01/02/2023,Slovakia,BZN SK,01:00 - 02:00,0.33
01/02/2023,Slovakia,BZN SK,02:00 - 03:00,0.5
01/02/2023,Slovakia,BZN SK,03:00 - 04:00,0.5
01/02/2023,Slovakia,BZN SK,04:00 - 05:00,0.1
01/02/2023,Slovakia,BZN SK,05:00 - 06:00,0.72
01/02/2023,Slovakia,BZN SK,06:00 - 07:00,-2.45
01/02/2023,Slovakia,BZN SK,07:00 - 08:00,0.04
01/02/2023,Slovakia,BZN SK,08:00 - 09:00,0.48
01/02/2023,Slovakia,BZN SK,09:00 - 10:00,1.19
01/02/2023,Slovakia,BZN SK,10:00 - 11:00,1.91
01/02/2023,Slovakia,BZN SK,11:00 - 12:00,2.74
01/02/2023,Slovakia,BZN SK,12:00 - 13:00,2.79
01/02/2023,Slovakia,BZN SK,13:00 - 14:00,2.76
01/02/2023,Slovakia,BZN SK,14:00 - 15:00,9.96
01/02/2023,Slovakia,BZN SK,15:00 - 16:00,23.87
01/02/2023,Slovakia,BZN SK,16:00 - 17:00,36.54
01/02/2023,Slovakia,BZN SK,17:00 - 18:00,46.03
01/02/2023,Slovakia,BZN SK,18:00 - 19:00,53.68
01/02/2023,Slovakia,BZN SK,19:00 - 20:00,54.95
01/02/2023,Slovakia,BZN SK,20:00 - 21:00,49.11
01/02/2023,Slovakia,BZN SK,21:00 - 22:00,44.43
01/02/2023,Slovakia,BZN SK,22:00 - 23:00,45.96
01/02/2023,Slovakia,BZN SK,23:00 - 00:00,35.0
01/02/2023,Slovenia,BZN SI,00:00 - 01:00,13.31
01/02/2023,Slovenia,BZN SI,01:00 - 02:00,-0.07
01/02/2023,Slovenia,BZN SI,02:00 - 03:00,-0.47
01/02/2023,Slovenia,BZN SI,03:00 - 04:00,-1.56
01/02/2023,Slovenia,BZN SI,04:00 - 05:00,-1.94
01/02/2023,Slovenia,BZN SI,05:00 - 06:00,-1.42
01/02/2023,Slovenia,BZN SI,06:00 - 07:00,-2.97
01/02/2023,Slovenia,BZN SI,07:00 - 08:00,-0.12
01/02/2023,Slovenia,BZN SI,08:00 - 09:00,-0.06
01/02/2023,Slovenia,BZN SI,09:00 - 10:00,0.47
01/02/2023,Slovenia,BZN SI,10:00 - 11:00,0.94
01/02/2023,Slovenia,BZN SI,11:00 - 12:00,1.41
01/02/2023,Slovenia,BZN SI,12:00 - 13:00,1.59
01/02/2023,Slovenia,BZN SI,13:00 - 14:00,1.78
01/02/2023,Slovenia,BZN SI,14:00 - 15:00,6.41
01/02/2023,Slovenia,BZN SI,15:00 - 16:00,23.76
01/02/2023,Slovenia,BZN SI,16:00 - 17:00,36.54
01/02/2023,Slovenia,BZN SI,17:00 - 18:00,46.03
01/02/2023,Slovenia,BZN SI,18:00 - 19:00,52.31
01/02/2023,Slovenia,BZN SI,19:00 - 20:00,54.95
01/02/2023,Slovenia,BZN SI,20:00 - 21:00,48.96
01/02/2023,Slovenia,BZN SI,21:00 - 22:00,43.94
01/02/2023,Slovenia,BZN SI,22:00 - 23:00,45.96
01/02/2023,Slovenia,BZN SI,23:00 - 00:00,35.0
01/02/2023,Spain,BZN ES,00:00 - 01:00,0.0
01/02/2023,Spain,BZN ES,01:00 - 02:00,0.0
01/02/2023,Spain,BZN ES,02:00 - 03:00,0.0
01/02/2023,Spain,BZN ES,03:00 - 04:00,0.0
01/02/2023,Spain,BZN ES,04:00 - 05:00,0.0
01/02/2023,Spain,BZN ES,05:00 - 06:00,0.0
01/02/2023,Spain,BZN ES,06:00 - 07:00,0.0
01/02/2023,Spain,BZN ES,07:00 - 08:00,0.0
01/02/2023,Spain,BZN ES,08:00 - 09:00,0.0
01/02/2023,Spain,BZN ES,09:00 - 10:00,0.0
01/02/2023,Spain,BZN ES,10:00 - 11:00,0.0
01/02/2023,Spain,BZN ES,11:00 - 12:00,0.0
01/02/2023,Spain,BZN ES,12:00 - 13:00,0.0
01/02/2023,Spain,BZN ES,13:00 - 14:00,0.1
01/02/2023,Spain,BZN ES,14:00 - 15:00,0.1
01/02/2023,Spain,BZN ES,15:00 - 16:00,0.01
01/02/2023,Spain,BZN ES,16:00 - 17:00,1.0
01/02/2023,Spain,BZN ES,17:00 - 18:00,4.16
01/02/2023,Spain,BZN ES,18:00 - 19:00,15.1
01/02/2023,Spain,BZN ES,19:00 - 20:00,19.51
01/02/2023,Spain,BZN ES,20:00 - 21:00,24.61
01/02/2023,Spain,BZN ES,21:00 - 22:00,40.07
01/02/2023,Spain,BZN ES,22:00 - 23:00,40.07
01/02/2023,Spain,BZN ES,23:00 - 00:00,16.0
01/02/2023,Sweden,BZN SE1,00:00 - 01:00,2.01
01/02/2023,Sweden,BZN SE1,01:00 - 02:00,1.38
01/02/2023,Sweden,BZN SE1,02:00 - 03:00,0.09
01/02/2023,Sweden,BZN SE1,03:00 - 04:00,0.08
01/02/2023,Sweden,BZN SE1,04:00 - 05:00,0.05
01/02/2023,Sweden,BZN SE1,05:00 - 06:00,0.08
01/02/2023,Sweden,BZN SE1,06:00 - 07:00,0.09
01/02/2023,Sweden,BZN SE1,07:00 - 08:00,0.53
01/02/2023,Sweden,BZN SE1,08:00 - 09:00,2.03
01/02/2023,Sweden,BZN SE1,09:00 - 10:00,3.1
01/02/2023,Sweden,BZN SE1,10:00 - 11:00,4.43
01/02/2023,Sweden,BZN SE1,11:00 - 12:00,6.06
01/02/2023,Sweden,BZN SE1,12:00 - 13:00,6.06
01/02/2023,Sweden,BZN SE1,13:00 - 14:00,5.68
01/02/2023,Sweden,BZN SE1,14:00 - 15:00,17.71
01/02/2023,Sweden,BZN SE1,15:00 - 16:00,24.11
01/02/2023,Sweden,BZN SE1,16:00 - 17:00,36.54
01/02/2023,Sweden,BZN SE1,17:00 - 18:00,46.03
01/02/2023,Sweden,BZN SE1,18:00 - 19:00,54.23
01/02/2023,Sweden,BZN SE1,19:00 - 20:00,53.63
01/02/2023,Sweden,BZN SE1,20:00 - 21:00,48.05
01/02/2023,Sweden,BZN SE1,21:00 - 22:00,44.68
01/02/2023,Sweden,BZN SE1,22:00 - 23:00,45.96
01/02/2023,Sweden,BZN SE1,23:00 - 00:00,35.0
01/02/2023,Sweden,BZN SE2,00:00 - 01:00,2.01
01/02/2023,Sweden,BZN SE2,01:00 - 02:00,1.38
01/02/2023,Sweden,BZN SE2,02:00 - 03:00,0.09
01/02/2023,Sweden,BZN SE2,03:00 - 04:00,0.08
01/02/2023,Sweden,BZN SE2,04:00 - 05:00,0.05
01/02/2023,Sweden,BZN SE2,05:00 - 06:00,0.08
01/02/2023,Sweden,BZN SE2,06:00 - 07:00,0.09
01/02/2023,Sweden,BZN SE2,07:00 - 08:00,0.53
01/02/2023,Sweden,BZN SE2,08:00 - 09:00,2.03
01/02/2023,Sweden,BZN SE2,09:00 - 10:00,3.1
01/02/2023,Sweden,BZN SE2,10:00 - 11:00,4.43
01/02/2023,Sweden,BZN SE2,11:00 - 12:00,6.06
01/02/2023,Sweden,BZN SE2,12:00 - 13:00,6.06
01/02/2023,Sweden,BZN SE2,13:00 - 14:00,5.68
01/02/2023,Sweden,BZN SE2,14:00 - 15:00,17.71
01/02/2023,Sweden,BZN SE2,15:00 - 16:00,24.11
01/02/2023,Sweden,BZN SE2,16:00 - 17:00,36.54
01/02/2023,Sweden,BZN SE2,17:00 - 18:00,46.03
01/02/2023,Sweden,BZN SE2,18:00 - 19:00,54.23
01/02/2023,Sweden,BZN SE2,19:00 - 20:00,53.63
01/02/2023,Sweden,BZN SE2,20:00 - 21:00,48.05
01/02/2023,Sweden,BZN SE2,21:00 - 22:00,44.68
01/02/2023,Sweden,BZN SE2,22:00 - 23:00,45.96
01/02/2023,Sweden,BZN SE2,23:00 - 00:00,35.0
01/02/2023,Sweden,BZN SE3,00:00 - 01:00,2.01
01/02/2023,Sweden,BZN SE3,01:00 - 02:00,1.38
01/02/2023,Sweden,BZN SE3,02:00 - 03:00,0.09
01/02/2023,Sweden,BZN SE3,03:00 - 04:00,0.08
01/02/2023,Sweden,BZN SE3,04:00 - 05:00,0.05
01/02/2023,Sweden,BZN SE3,05:00 - 06:00,0.08
01/02/2023,Sweden,BZN SE3,06:00 - 07:00,0.09
01/02/2023,Sweden,BZN SE3,07:00 - 08:00,0.53
01/02/2023,Sweden,BZN SE3,08:00 - 09:00,2.03
01/02/2023,Sweden,BZN SE3,09:00 - 10:00,3.1
01/02/2023,Sweden,BZN SE3,10:00 - 11:00,4.43
01/02/2023,Sweden,BZN SE3,11:00 - 12:00,6.06
01/02/2023,Sweden,BZN SE3,12:00 - 13:00,6.06
01/02/2023,Sweden,BZN SE3,13:00 - 14:00,5.68
01/02/2023,Sweden,BZN SE3,14:00 - 15:00,17.71
01/02/2023,Sweden,BZN SE3,15:00 - 16:00,24.11
01/02/2023,Sweden,BZN SE3,16:00 - 17:00,36.54
01/02/2023,Sweden,BZN SE3,17:00 - 18:00,46.03
01/02/2023,Sweden,BZN SE3,18:00 - 19:00,54.23
01/02/2023,Sweden,BZN SE3,19:00 - 20:00,53.63
01/02/2023,Sweden,BZN SE3,20:00 - 21:00,48.05
01/02/2023,Sweden,BZN SE3,21:00 - 22:00,44.68
01/02/2023,Sweden,BZN SE3,22:00 - 23:00,45.96
01/02/2023,Sweden,BZN SE3,23:00 - 00:00,35.0
01/02/2023,Sweden,BZN SE4,00:00 - 01:00,2.01
01/02/2023,Sweden,BZN SE4,01:00 - 02:00,1.38
01/02/2023,Sweden,BZN SE4,02:00 - 03:00,0.09
01/02/2023,Sweden,BZN SE4,03:00 - 04:00,0.08
01/02/2023,Sweden,BZN SE4,04:00 - 05:00,0.05
01/02/2023,Sweden,BZN SE4,05:00 - 06:00,0.08
01/02/2023,Sweden,BZN SE4,06:00 - 07:00,0.09
01/02/2023,Sweden,BZN SE4,07:00 - 08:00,0.53
01/02/2023,Sweden,BZN SE4,08:00 - 09:00,2.03
01/02/2023,Sweden,BZN SE4,09:00 - 10:00,3.1
01/02/2023,Sweden,BZN SE4,10:00 - 11:00,4.43
01/02/2023,Sweden,BZN SE4,11:00 - 12:00,6.06
01/02/2023,Sweden,BZN SE4,12:00 - 13:00,6.06
01/02/2023,Sweden,BZN SE4,13:00 - 14:00,5.68
01/02/2023,Sweden,BZN SE4,14:00 - 15:00,17.71
01/02/2023,Sweden,BZN SE4,15:00 - 16:00,24.11
01/02/2023,Sweden,BZN SE4,16:00 - 17:00,36.54
01/02/2023,Sweden,BZN SE4,17:00 - 18:00,46.03
01/02/2023,Sweden,BZN SE4,18:00 - 19:00,54.23
01/02/2023,Sweden,BZN SE4,19:00 - 20:00,53.63
01/02/2023,Sweden,BZN SE4,20:00 - 21:00,48.05
01/02/2023,Sweden,BZN SE4,21:00 - 22:00,44.68
01/02/2023,Sweden,BZN SE4,22:00 - 23:00,45.96
01/02/2023,Sweden,BZN SE4,23:00 - 00:00,35.0
01/02/2023,Switzerland,BZN CH,00:00 - 01:00,0.03
01/02/2023,Switzerland,BZN CH,01:00 - 02:00,-7.25
01/02/2023,Switzerland,BZN CH,02:00 - 03:00,-3.99
01/02/2023,Switzerland,BZN CH,03:00 - 04:00,-7.71
01/02/2023,Switzerland,BZN CH,04:00 - 05:00,-9.71
01/02/2023,Switzerland,BZN CH,05:00 - 06:00,-15.15
01/02/2023,Switzerland,BZN CH,06:00 - 07:00,-14.33
01/02/2023,Switzerland,BZN CH,07:00 - 08:00,-0.66
01/02/2023,Switzerland,BZN CH,08:00 - 09:00,0.02
01/02/2023,Switzerland,BZN CH,09:00 - 10:00,-1.23
01/02/2023,Switzerland,BZN CH,10:00 - 11:00,-6.11
01/02/2023,Switzerland,BZN CH,11:00 - 12:00,0.28
01/02/2023,Switzerland,BZN CH,12:00 - 13:00,2.96
01/02/2023,Switzerland,BZN CH,13:00 - 14:00,-0.79
01/02/2023,Switzerland,BZN CH,14:00 - 15:00,3.06
01/02/2023,Switzerland,BZN CH,15:00 - 16:00,9.53
01/02/2023,Switzerland,BZN CH,16:00 - 17:00,19.95
01/02/2023,Switzerland,BZN CH,17:00 - 18:00,30.46
01/02/2023,Switzerland,BZN CH,18:00 - 19:00,34.39
01/02/2023,Switzerland,BZN CH,19:00 - 20:00,35.15
01/02/2023,Switzerland,BZN CH,20:00 - 21:00,29.57
01/02/2023,Switzerland,BZN CH,21:00 - 22:00,24.92
01/02/2023,Switzerland,BZN CH,22:00 - 23:00,20.72
01/02/2023,Switzerland,BZN CH,23:00 - 00:00,13.46
