date,country,area,mtu,price(currency/mwh),price(eur/mwh)
25.02.2023,Albania,BZN AL,00:00 - 01:00,,
25.02.2023,Albania,BZN AL,01:00 - 02:00,,
25.02.2023,Albania,BZN AL,02:00 - 03:00,,
25.02.2023,Albania,BZN AL,03:00 - 04:00,,
25.02.2023,Albania,BZN AL,04:00 - 05:00,,
25.02.2023,Albania,BZN AL,05:00 - 06:00,,
25.02.2023,Albania,BZN AL,06:00 - 07:00,,
25.02.2023,Albania,BZN AL,07:00 - 08:00,,
25.02.2023,Albania,BZN AL,08:00 - 09:00,,
25.02.2023,Albania,BZN AL,09:00 - 10:00,,
25.02.2023,Albania,BZN AL,10:00 - 11:00,,
25.02.2023,Albania,BZN AL,11:00 - 12:00,,
25.02.2023,Albania,BZN AL,12:00 - 13:00,,
25.02.2023,Albania,BZN AL,13:00 - 14:00,,
25.02.2023,Albania,BZN AL,14:00 - 15:00,,
25.02.2023,Albania,BZN AL,15:00 - 16:00,,
25.02.2023,Albania,BZN AL,16:00 - 17:00,,
25.02.2023,Albania,BZN AL,17:00 - 18:00,,
25.02.2023,Albania,BZN AL,18:00 - 19:00,,
25.02.2023,Albania,BZN AL,19:00 - 20:00,,
25.02.2023,Albania,BZN AL,20:00 - 21:00,,
25.02.2023,Albania,BZN AL,21:00 - 22:00,,
25.02.2023,Albania,BZN AL,22:00 - 23:00,,
25.02.2023,Albania,BZN AL,23:00 - 00:00,,
25.02.2023,Austria,BZN AT,00:00 - 01:00,,101.55
25.02.2023,Austria,BZN AT,01:00 - 02:00,,99.9
25.02.2023,Austria,BZN AT,02:00 - 03:00,,90.56
25.02.2023,Austria,BZN AT,03:00 - 04:00,,85.7
25.02.2023,Austria,BZN AT,04:00 - 05:00,,91.41
25.02.2023,Austria,BZN AT,05:00 - 06:00,,88.03
25.02.2023,Austria,BZN AT,06:00 - 07:00,,88.03
25.02.2023,Austria,BZN AT,07:00 - 08:00,,96.75
25.02.2023,Austria,BZN AT,08:00 - 09:00,,104.05
25.02.2023,Austria,BZN AT,09:00 - 10:00,,105.48
25.02.2023,Austria,BZN AT,10:00 - 11:00,,105.09
25.02.2023,Austria,BZN AT,11:00 - 12:00,,109.02
25.02.2023,Austria,BZN AT,12:00 - 13:00,,104.02
25.02.2023,Austria,BZN AT,13:00 - 14:00,,109.01
25.02.2023,Austria,BZN AT,14:00 - 15:00,,109.03
25.02.2023,Austria,BZN AT,15:00 - 16:00,,109.09
25.02.2023,Austria,BZN AT,16:00 - 17:00,,105.08
25.02.2023,Austria,BZN AT,17:00 - 18:00,,125.05
25.02.2023,Austria,BZN AT,18:00 - 19:00,,143.98
25.02.2023,Austria,BZN AT,19:00 - 20:00,,140.1
25.02.2023,Austria,BZN AT,20:00 - 21:00,,126.19
25.02.2023,Austria,BZN AT,21:00 - 22:00,,112.61
25.02.2023,Austria,BZN AT,22:00 - 23:00,,122.2
25.02.2023,Austria,BZN AT,23:00 - 00:00,,116.09
25.02.2023,Austria,BZN DE-AT-LU,00:00 - 01:00,,
25.02.2023,Austria,BZN DE-AT-LU,01:00 - 02:00,,
25.02.2023,Austria,BZN DE-AT-LU,02:00 - 03:00,,
25.02.2023,Austria,BZN DE-AT-LU,03:00 - 04:00,,
25.02.2023,Austria,BZN DE-AT-LU,04:00 - 05:00,,
25.02.2023,Austria,BZN DE-AT-LU,05:00 - 06:00,,
25.02.2023,Austria,BZN DE-AT-LU,06:00 - 07:00,,
25.02.2023,Austria,BZN DE-AT-LU,07:00 - 08:00,,
25.02.2023,Austria,BZN DE-AT-LU,08:00 - 09:00,,
25.02.2023,Austria,BZN DE-AT-LU,09:00 - 10:00,,
25.02.2023,Austria,BZN DE-AT-LU,10:00 - 11:00,,
25.02.2023,Austria,BZN DE-AT-LU,11:00 - 12:00,,
25.02.2023,Austria,BZN DE-AT-LU,12:00 - 13:00,,
25.02.2023,Austria,BZN DE-AT-LU,13:00 - 14:00,,
25.02.2023,Austria,BZN DE-AT-LU,14:00 - 15:00,,
25.02.2023,Austria,BZN DE-AT-LU,15:00 - 16:00,,
25.02.2023,Austria,BZN DE-AT-LU,16:00 - 17:00,,
25.02.2023,Austria,BZN DE-AT-LU,17:00 - 18:00,,
25.02.2023,Austria,BZN DE-AT-LU,18:00 - 19:00,,
25.02.2023,Austria,BZN DE-AT-LU,19:00 - 20:00,,
25.02.2023,Austria,BZN DE-AT-LU,20:00 - 21:00,,
25.02.2023,Austria,BZN DE-AT-LU,21:00 - 22:00,,
25.02.2023,Austria,BZN DE-AT-LU,22:00 - 23:00,,
25.02.2023,Austria,BZN DE-AT-LU,23:00 - 00:00,,
25.02.2023,Belgium,BZN BE,00:00 - 01:00,,139.23
25.02.2023,Belgium,BZN BE,01:00 - 02:00,,131.2
25.02.2023,Belgium,BZN BE,02:00 - 03:00,,127.83
25.02.2023,Belgium,BZN BE,03:00 - 04:00,,119.24
25.02.2023,Belgium,BZN BE,04:00 - 05:00,,111.49
25.02.2023,Belgium,BZN BE,05:00 - 06:00,,119.07
25.02.2023,Belgium,BZN BE,06:00 - 07:00,,112.06
25.02.2023,Belgium,BZN BE,07:00 - 08:00,,121.49
25.02.2023,Belgium,BZN BE,08:00 - 09:00,,130.34
25.02.2023,Belgium,BZN BE,09:00 - 10:00,,127.89
25.02.2023,Belgium,BZN BE,10:00 - 11:00,,115.44
25.02.2023,Belgium,BZN BE,11:00 - 12:00,,106.18
25.02.2023,Belgium,BZN BE,12:00 - 13:00,,102.16
25.02.2023,Belgium,BZN BE,13:00 - 14:00,,88.98
25.02.2023,Belgium,BZN BE,14:00 - 15:00,,91.69
25.02.2023,Belgium,BZN BE,15:00 - 16:00,,105.28
25.02.2023,Belgium,BZN BE,16:00 - 17:00,,108.14
25.02.2023,Belgium,BZN BE,17:00 - 18:00,,128.84
25.02.2023,Belgium,BZN BE,18:00 - 19:00,,153.51
25.02.2023,Belgium,BZN BE,19:00 - 20:00,,160.43
25.02.2023,Belgium,BZN BE,20:00 - 21:00,,151.05
25.02.2023,Belgium,BZN BE,21:00 - 22:00,,140.44
25.02.2023,Belgium,BZN BE,22:00 - 23:00,,152.56
25.02.2023,Belgium,BZN BE,23:00 - 00:00,,140.27
25.02.2023,Bosnia and Herz.,BZN BA,00:00 - 01:00,,
25.02.2023,Bosnia and Herz.,BZN BA,01:00 - 02:00,,
25.02.2023,Bosnia and Herz.,BZN BA,02:00 - 03:00,,
25.02.2023,Bosnia and Herz.,BZN BA,03:00 - 04:00,,
25.02.2023,Bosnia and Herz.,BZN BA,04:00 - 05:00,,
25.02.2023,Bosnia and Herz.,BZN BA,05:00 - 06:00,,
25.02.2023,Bosnia and Herz.,BZN BA,06:00 - 07:00,,
25.02.2023,Bosnia and Herz.,BZN BA,07:00 - 08:00,,
25.02.2023,Bosnia and Herz.,BZN BA,08:00 - 09:00,,
25.02.2023,Bosnia and Herz.,BZN BA,09:00 - 10:00,,
25.02.2023,Bosnia and Herz.,BZN BA,10:00 - 11:00,,
25.02.2023,Bosnia and Herz.,BZN BA,11:00 - 12:00,,
25.02.2023,Bosnia and Herz.,BZN BA,12:00 - 13:00,,
25.02.2023,Bosnia and Herz.,BZN BA,13:00 - 14:00,,
25.02.2023,Bosnia and Herz.,BZN BA,14:00 - 15:00,,
25.02.2023,Bosnia and Herz.,BZN BA,15:00 - 16:00,,
25.02.2023,Bosnia and Herz.,BZN BA,16:00 - 17:00,,
25.02.2023,Bosnia and Herz.,BZN BA,17:00 - 18:00,,
25.02.2023,Bosnia and Herz.,BZN BA,18:00 - 19:00,,
25.02.2023,Bosnia and Herz.,BZN BA,19:00 - 20:00,,
25.02.2023,Bosnia and Herz.,BZN BA,20:00 - 21:00,,
25.02.2023,Bosnia and Herz.,BZN BA,21:00 - 22:00,,
25.02.2023,Bosnia and Herz.,BZN BA,22:00 - 23:00,,
25.02.2023,Bosnia and Herz.,BZN BA,23:00 - 00:00,,
25.02.2023,Bulgaria,BZN BG,00:00 - 01:00,,87.27
25.02.2023,Bulgaria,BZN BG,01:00 - 02:00,,86.3
25.02.2023,Bulgaria,BZN BG,02:00 - 03:00,,74.68
25.02.2023,Bulgaria,BZN BG,03:00 - 04:00,,71.41
25.02.2023,Bulgaria,BZN BG,04:00 - 05:00,,82.45
25.02.2023,Bulgaria,BZN BG,05:00 - 06:00,,74.79
25.02.2023,Bulgaria,BZN BG,06:00 - 07:00,,78.97
25.02.2023,Bulgaria,BZN BG,07:00 - 08:00,,86.46
25.02.2023,Bulgaria,BZN BG,08:00 - 09:00,,93.47
25.02.2023,Bulgaria,BZN BG,09:00 - 10:00,,95.89
25.02.2023,Bulgaria,BZN BG,10:00 - 11:00,,91.15
25.02.2023,Bulgaria,BZN BG,11:00 - 12:00,,65.84
25.02.2023,Bulgaria,BZN BG,12:00 - 13:00,,19.05
25.02.2023,Bulgaria,BZN BG,13:00 - 14:00,,9.77
25.02.2023,Bulgaria,BZN BG,14:00 - 15:00,,63.33
25.02.2023,Bulgaria,BZN BG,15:00 - 16:00,,71.58
25.02.2023,Bulgaria,BZN BG,16:00 - 17:00,,86.37
25.02.2023,Bulgaria,BZN BG,17:00 - 18:00,,113.44
25.02.2023,Bulgaria,BZN BG,18:00 - 19:00,,140.85
25.02.2023,Bulgaria,BZN BG,19:00 - 20:00,,135.05
25.02.2023,Bulgaria,BZN BG,20:00 - 21:00,,119.7
25.02.2023,Bulgaria,BZN BG,21:00 - 22:00,,105.84
25.02.2023,Bulgaria,BZN BG,22:00 - 23:00,,115.57
25.02.2023,Bulgaria,BZN BG,23:00 - 00:00,,111.24
25.02.2023,Croatia,BZN HR,00:00 - 01:00,,94.43
25.02.2023,Croatia,BZN HR,01:00 - 02:00,,93.45
25.02.2023,Croatia,BZN HR,02:00 - 03:00,,82.55
25.02.2023,Croatia,BZN HR,03:00 - 04:00,,78.5
25.02.2023,Croatia,BZN HR,04:00 - 05:00,,87.46
25.02.2023,Croatia,BZN HR,05:00 - 06:00,,81.38
25.02.2023,Croatia,BZN HR,06:00 - 07:00,,84.22
25.02.2023,Croatia,BZN HR,07:00 - 08:00,,92.45
25.02.2023,Croatia,BZN HR,08:00 - 09:00,,99.15
25.02.2023,Croatia,BZN HR,09:00 - 10:00,,101.86
25.02.2023,Croatia,BZN HR,10:00 - 11:00,,97.69
25.02.2023,Croatia,BZN HR,11:00 - 12:00,,76.49
25.02.2023,Croatia,BZN HR,12:00 - 13:00,,66.12
25.02.2023,Croatia,BZN HR,13:00 - 14:00,,77.34
25.02.2023,Croatia,BZN HR,14:00 - 15:00,,72.38
25.02.2023,Croatia,BZN HR,15:00 - 16:00,,83.78
25.02.2023,Croatia,BZN HR,16:00 - 17:00,,100.0
25.02.2023,Croatia,BZN HR,17:00 - 18:00,,123.11
25.02.2023,Croatia,BZN HR,18:00 - 19:00,,143.07
25.02.2023,Croatia,BZN HR,19:00 - 20:00,,138.11
25.02.2023,Croatia,BZN HR,20:00 - 21:00,,123.48
25.02.2023,Croatia,BZN HR,21:00 - 22:00,,109.78
25.02.2023,Croatia,BZN HR,22:00 - 23:00,,119.01
25.02.2023,Croatia,BZN HR,23:00 - 00:00,,114.46
25.02.2023,Cyprus,BZN CY,00:00 - 01:00,,
25.02.2023,Cyprus,BZN CY,01:00 - 02:00,,
25.02.2023,Cyprus,BZN CY,02:00 - 03:00,,
25.02.2023,Cyprus,BZN CY,03:00 - 04:00,,
25.02.2023,Cyprus,BZN CY,04:00 - 05:00,,
25.02.2023,Cyprus,BZN CY,05:00 - 06:00,,
25.02.2023,Cyprus,BZN CY,06:00 - 07:00,,
25.02.2023,Cyprus,BZN CY,07:00 - 08:00,,
25.02.2023,Cyprus,BZN CY,08:00 - 09:00,,
25.02.2023,Cyprus,BZN CY,09:00 - 10:00,,
25.02.2023,Cyprus,BZN CY,10:00 - 11:00,,
25.02.2023,Cyprus,BZN CY,11:00 - 12:00,,
25.02.2023,Cyprus,BZN CY,12:00 - 13:00,,
25.02.2023,Cyprus,BZN CY,13:00 - 14:00,,
25.02.2023,Cyprus,BZN CY,14:00 - 15:00,,
25.02.2023,Cyprus,BZN CY,15:00 - 16:00,,
25.02.2023,Cyprus,BZN CY,16:00 - 17:00,,
25.02.2023,Cyprus,BZN CY,17:00 - 18:00,,
25.02.2023,Cyprus,BZN CY,18:00 - 19:00,,
25.02.2023,Cyprus,BZN CY,19:00 - 20:00,,
25.02.2023,Cyprus,BZN CY,20:00 - 21:00,,
25.02.2023,Cyprus,BZN CY,21:00 - 22:00,,
25.02.2023,Cyprus,BZN CY,22:00 - 23:00,,
25.02.2023,Cyprus,BZN CY,23:00 - 00:00,,
25.02.2023,Czech Rep.,BZN CZ,00:00 - 01:00,,74.75
25.02.2023,Czech Rep.,BZN CZ,01:00 - 02:00,,78.35
25.02.2023,Czech Rep.,BZN CZ,02:00 - 03:00,,61.1
25.02.2023,Czech Rep.,BZN CZ,03:00 - 04:00,,59.18
25.02.2023,Czech Rep.,BZN CZ,04:00 - 05:00,,74.19
25.02.2023,Czech Rep.,BZN CZ,05:00 - 06:00,,63.68
25.02.2023,Czech Rep.,BZN CZ,06:00 - 07:00,,70.54
25.02.2023,Czech Rep.,BZN CZ,07:00 - 08:00,,76.72
25.02.2023,Czech Rep.,BZN CZ,08:00 - 09:00,,84.89
25.02.2023,Czech Rep.,BZN CZ,09:00 - 10:00,,90.68
25.02.2023,Czech Rep.,BZN CZ,10:00 - 11:00,,90.68
25.02.2023,Czech Rep.,BZN CZ,11:00 - 12:00,,49.46
25.02.2023,Czech Rep.,BZN CZ,12:00 - 13:00,,44.28
25.02.2023,Czech Rep.,BZN CZ,13:00 - 14:00,,93.87
25.02.2023,Czech Rep.,BZN CZ,14:00 - 15:00,,49.39
25.02.2023,Czech Rep.,BZN CZ,15:00 - 16:00,,65.81
25.02.2023,Czech Rep.,BZN CZ,16:00 - 17:00,,92.77
25.02.2023,Czech Rep.,BZN CZ,17:00 - 18:00,,122.41
25.02.2023,Czech Rep.,BZN CZ,18:00 - 19:00,,141.18
25.02.2023,Czech Rep.,BZN CZ,19:00 - 20:00,,132.03
25.02.2023,Czech Rep.,BZN CZ,20:00 - 21:00,,113.9
25.02.2023,Czech Rep.,BZN CZ,21:00 - 22:00,,99.88
25.02.2023,Czech Rep.,BZN CZ,22:00 - 23:00,,109.85
25.02.2023,Czech Rep.,BZN CZ,23:00 - 00:00,,107.14
25.02.2023,Czech Rep.,BZN CZ-DE-SK,00:00 - 01:00,,
25.02.2023,Czech Rep.,BZN CZ-DE-SK,01:00 - 02:00,,
25.02.2023,Czech Rep.,BZN CZ-DE-SK,02:00 - 03:00,,
25.02.2023,Czech Rep.,BZN CZ-DE-SK,03:00 - 04:00,,
25.02.2023,Czech Rep.,BZN CZ-DE-SK,04:00 - 05:00,,
25.02.2023,Czech Rep.,BZN CZ-DE-SK,05:00 - 06:00,,
25.02.2023,Czech Rep.,BZN CZ-DE-SK,06:00 - 07:00,,
25.02.2023,Czech Rep.,BZN CZ-DE-SK,07:00 - 08:00,,
25.02.2023,Czech Rep.,BZN CZ-DE-SK,08:00 - 09:00,,
25.02.2023,Czech Rep.,BZN CZ-DE-SK,09:00 - 10:00,,
25.02.2023,Czech Rep.,BZN CZ-DE-SK,10:00 - 11:00,,
25.02.2023,Czech Rep.,BZN CZ-DE-SK,11:00 - 12:00,,
25.02.2023,Czech Rep.,BZN CZ-DE-SK,12:00 - 13:00,,
25.02.2023,Czech Rep.,BZN CZ-DE-SK,13:00 - 14:00,,
25.02.2023,Czech Rep.,BZN CZ-DE-SK,14:00 - 15:00,,
25.02.2023,Czech Rep.,BZN CZ-DE-SK,15:00 - 16:00,,
25.02.2023,Czech Rep.,BZN CZ-DE-SK,16:00 - 17:00,,
25.02.2023,Czech Rep.,BZN CZ-DE-SK,17:00 - 18:00,,
25.02.2023,Czech Rep.,BZN CZ-DE-SK,18:00 - 19:00,,
25.02.2023,Czech Rep.,BZN CZ-DE-SK,19:00 - 20:00,,
25.02.2023,Czech Rep.,BZN CZ-DE-SK,20:00 - 21:00,,
25.02.2023,Czech Rep.,BZN CZ-DE-SK,21:00 - 22:00,,
25.02.2023,Czech Rep.,BZN CZ-DE-SK,22:00 - 23:00,,
25.02.2023,Czech Rep.,BZN CZ-DE-SK,23:00 - 00:00,,
25.02.2023,Denmark,BZN DK1,00:00 - 01:00,,90.52
25.02.2023,Denmark,BZN DK1,01:00 - 02:00,,83.14
25.02.2023,Denmark,BZN DK1,02:00 - 03:00,,78.93
25.02.2023,Denmark,BZN DK1,03:00 - 04:00,,75.23
25.02.2023,Denmark,BZN DK1,04:00 - 05:00,,82.03
25.02.2023,Denmark,BZN DK1,05:00 - 06:00,,77.97
25.02.2023,Denmark,BZN DK1,06:00 - 07:00,,76.77
25.02.2023,Denmark,BZN DK1,07:00 - 08:00,,84.47
25.02.2023,Denmark,BZN DK1,08:00 - 09:00,,89.89
25.02.2023,Denmark,BZN DK1,09:00 - 10:00,,87.02
25.02.2023,Denmark,BZN DK1,10:00 - 11:00,,74.4
25.02.2023,Denmark,BZN DK1,11:00 - 12:00,,54.9
25.02.2023,Denmark,BZN DK1,12:00 - 13:00,,47.35
25.02.2023,Denmark,BZN DK1,13:00 - 14:00,,35.05
25.02.2023,Denmark,BZN DK1,14:00 - 15:00,,52.35
25.02.2023,Denmark,BZN DK1,15:00 - 16:00,,67.02
25.02.2023,Denmark,BZN DK1,16:00 - 17:00,,81.75
25.02.2023,Denmark,BZN DK1,17:00 - 18:00,,95.45
25.02.2023,Denmark,BZN DK1,18:00 - 19:00,,99.01
25.02.2023,Denmark,BZN DK1,19:00 - 20:00,,99.0
25.02.2023,Denmark,BZN DK1,20:00 - 21:00,,96.38
25.02.2023,Denmark,BZN DK1,21:00 - 22:00,,95.99
25.02.2023,Denmark,BZN DK1,22:00 - 23:00,,96.21
25.02.2023,Denmark,BZN DK1,23:00 - 00:00,,96.14
25.02.2023,Denmark,BZN DK2,00:00 - 01:00,,25.22
25.02.2023,Denmark,BZN DK2,01:00 - 02:00,,23.84
25.02.2023,Denmark,BZN DK2,02:00 - 03:00,,23.34
25.02.2023,Denmark,BZN DK2,03:00 - 04:00,,23.11
25.02.2023,Denmark,BZN DK2,04:00 - 05:00,,23.28
25.02.2023,Denmark,BZN DK2,05:00 - 06:00,,23.74
25.02.2023,Denmark,BZN DK2,06:00 - 07:00,,24.42
25.02.2023,Denmark,BZN DK2,07:00 - 08:00,,28.0
25.02.2023,Denmark,BZN DK2,08:00 - 09:00,,32.89
25.02.2023,Denmark,BZN DK2,09:00 - 10:00,,34.0
25.02.2023,Denmark,BZN DK2,10:00 - 11:00,,33.04
25.02.2023,Denmark,BZN DK2,11:00 - 12:00,,32.93
25.02.2023,Denmark,BZN DK2,12:00 - 13:00,,30.97
25.02.2023,Denmark,BZN DK2,13:00 - 14:00,,30.37
25.02.2023,Denmark,BZN DK2,14:00 - 15:00,,29.48
25.02.2023,Denmark,BZN DK2,15:00 - 16:00,,29.32
25.02.2023,Denmark,BZN DK2,16:00 - 17:00,,30.78
25.02.2023,Denmark,BZN DK2,17:00 - 18:00,,36.04
25.02.2023,Denmark,BZN DK2,18:00 - 19:00,,60.94
25.02.2023,Denmark,BZN DK2,19:00 - 20:00,,36.03
25.02.2023,Denmark,BZN DK2,20:00 - 21:00,,31.4
25.02.2023,Denmark,BZN DK2,21:00 - 22:00,,29.96
25.02.2023,Denmark,BZN DK2,22:00 - 23:00,,29.44
25.02.2023,Denmark,BZN DK2,23:00 - 00:00,,29.35
25.02.2023,Estonia,BZN EE,00:00 - 01:00,,71.73
25.02.2023,Estonia,BZN EE,01:00 - 02:00,,64.91
25.02.2023,Estonia,BZN EE,02:00 - 03:00,,57.62
25.02.2023,Estonia,BZN EE,03:00 - 04:00,,56.06
25.02.2023,Estonia,BZN EE,04:00 - 05:00,,71.24
25.02.2023,Estonia,BZN EE,05:00 - 06:00,,80.01
25.02.2023,Estonia,BZN EE,06:00 - 07:00,,66.1
25.02.2023,Estonia,BZN EE,07:00 - 08:00,,72.0
25.02.2023,Estonia,BZN EE,08:00 - 09:00,,78.77
25.02.2023,Estonia,BZN EE,09:00 - 10:00,,75.75
25.02.2023,Estonia,BZN EE,10:00 - 11:00,,63.08
25.02.2023,Estonia,BZN EE,11:00 - 12:00,,101.81
25.02.2023,Estonia,BZN EE,12:00 - 13:00,,49.97
25.02.2023,Estonia,BZN EE,13:00 - 14:00,,44.99
25.02.2023,Estonia,BZN EE,14:00 - 15:00,,49.99
25.02.2023,Estonia,BZN EE,15:00 - 16:00,,63.05
25.02.2023,Estonia,BZN EE,16:00 - 17:00,,91.53
25.02.2023,Estonia,BZN EE,17:00 - 18:00,,115.42
25.02.2023,Estonia,BZN EE,18:00 - 19:00,,109.72
25.02.2023,Estonia,BZN EE,19:00 - 20:00,,74.92
25.02.2023,Estonia,BZN EE,20:00 - 21:00,,54.64
25.02.2023,Estonia,BZN EE,21:00 - 22:00,,64.4
25.02.2023,Estonia,BZN EE,22:00 - 23:00,,70.11
25.02.2023,Estonia,BZN EE,23:00 - 00:00,,50.03
25.02.2023,Finland,BZN FI,00:00 - 01:00,,25.22
25.02.2023,Finland,BZN FI,01:00 - 02:00,,23.84
25.02.2023,Finland,BZN FI,02:00 - 03:00,,23.34
25.02.2023,Finland,BZN FI,03:00 - 04:00,,23.11
25.02.2023,Finland,BZN FI,04:00 - 05:00,,23.28
25.02.2023,Finland,BZN FI,05:00 - 06:00,,23.74
25.02.2023,Finland,BZN FI,06:00 - 07:00,,24.42
25.02.2023,Finland,BZN FI,07:00 - 08:00,,28.0
25.02.2023,Finland,BZN FI,08:00 - 09:00,,32.89
25.02.2023,Finland,BZN FI,09:00 - 10:00,,47.64
25.02.2023,Finland,BZN FI,10:00 - 11:00,,58.61
25.02.2023,Finland,BZN FI,11:00 - 12:00,,55.68
25.02.2023,Finland,BZN FI,12:00 - 13:00,,49.97
25.02.2023,Finland,BZN FI,13:00 - 14:00,,44.99
25.02.2023,Finland,BZN FI,14:00 - 15:00,,49.99
25.02.2023,Finland,BZN FI,15:00 - 16:00,,59.81
25.02.2023,Finland,BZN FI,16:00 - 17:00,,57.11
25.02.2023,Finland,BZN FI,17:00 - 18:00,,60.26
25.02.2023,Finland,BZN FI,18:00 - 19:00,,60.94
25.02.2023,Finland,BZN FI,19:00 - 20:00,,74.92
25.02.2023,Finland,BZN FI,20:00 - 21:00,,54.64
25.02.2023,Finland,BZN FI,21:00 - 22:00,,64.4
25.02.2023,Finland,BZN FI,22:00 - 23:00,,70.11
25.02.2023,Finland,BZN FI,23:00 - 00:00,,50.03
25.02.2023,France,BZN FR,00:00 - 01:00,,149.84
25.02.2023,France,BZN FR,01:00 - 02:00,,145.3
25.02.2023,France,BZN FR,02:00 - 03:00,,141.9
25.02.2023,France,BZN FR,03:00 - 04:00,,131.8
25.02.2023,France,BZN FR,04:00 - 05:00,,129.82
25.02.2023,France,BZN FR,05:00 - 06:00,,130.86
25.02.2023,France,BZN FR,06:00 - 07:00,,135.04
25.02.2023,France,BZN FR,07:00 - 08:00,,150.43
25.02.2023,France,BZN FR,08:00 - 09:00,,153.98
25.02.2023,France,BZN FR,09:00 - 10:00,,157.5
25.02.2023,France,BZN FR,10:00 - 11:00,,152.32
25.02.2023,France,BZN FR,11:00 - 12:00,,146.96
25.02.2023,France,BZN FR,12:00 - 13:00,,144.51
25.02.2023,France,BZN FR,13:00 - 14:00,,129.99
25.02.2023,France,BZN FR,14:00 - 15:00,,121.18
25.02.2023,France,BZN FR,15:00 - 16:00,,117.93
25.02.2023,France,BZN FR,16:00 - 17:00,,119.56
25.02.2023,France,BZN FR,17:00 - 18:00,,133.0
25.02.2023,France,BZN FR,18:00 - 19:00,,153.92
25.02.2023,France,BZN FR,19:00 - 20:00,,163.34
25.02.2023,France,BZN FR,20:00 - 21:00,,160.22
25.02.2023,France,BZN FR,21:00 - 22:00,,148.0
25.02.2023,France,BZN FR,22:00 - 23:00,,149.3
25.02.2023,France,BZN FR,23:00 - 00:00,,145.44
25.02.2023,Georgia,BZN GE,00:00 - 01:00,,
25.02.2023,Georgia,BZN GE,01:00 - 02:00,,
25.02.2023,Georgia,BZN GE,02:00 - 03:00,,
25.02.2023,Georgia,BZN GE,03:00 - 04:00,,
25.02.2023,Georgia,BZN GE,04:00 - 05:00,,
25.02.2023,Georgia,BZN GE,05:00 - 06:00,,
25.02.2023,Georgia,BZN GE,06:00 - 07:00,,
25.02.2023,Georgia,BZN GE,07:00 - 08:00,,
25.02.2023,Georgia,BZN GE,08:00 - 09:00,,
25.02.2023,Georgia,BZN GE,09:00 - 10:00,,
25.02.2023,Georgia,BZN GE,10:00 - 11:00,,
25.02.2023,Georgia,BZN GE,11:00 - 12:00,,
25.02.2023,Georgia,BZN GE,12:00 - 13:00,,
25.02.2023,Georgia,BZN GE,13:00 - 14:00,,
25.02.2023,Georgia,BZN GE,14:00 - 15:00,,
25.02.2023,Georgia,BZN GE,15:00 - 16:00,,
25.02.2023,Georgia,BZN GE,16:00 - 17:00,,
25.02.2023,Georgia,BZN GE,17:00 - 18:00,,
25.02.2023,Georgia,BZN GE,18:00 - 19:00,,
25.02.2023,Georgia,BZN GE,19:00 - 20:00,,
25.02.2023,Georgia,BZN GE,20:00 - 21:00,,
25.02.2023,Georgia,BZN GE,21:00 - 22:00,,
25.02.2023,Georgia,BZN GE,22:00 - 23:00,,
25.02.2023,Georgia,BZN GE,23:00 - 00:00,,
25.02.2023,Germany,BZN DE-LU,00:00 - 01:00,,90.55
25.02.2023,Germany,BZN DE-LU,01:00 - 02:00,,83.14
25.02.2023,Germany,BZN DE-LU,02:00 - 03:00,,78.93
25.02.2023,Germany,BZN DE-LU,03:00 - 04:00,,75.23
25.02.2023,Germany,BZN DE-LU,04:00 - 05:00,,82.03
25.02.2023,Germany,BZN DE-LU,05:00 - 06:00,,77.97
25.02.2023,Germany,BZN DE-LU,06:00 - 07:00,,76.77
25.02.2023,Germany,BZN DE-LU,07:00 - 08:00,,84.47
25.02.2023,Germany,BZN DE-LU,08:00 - 09:00,,89.89
25.02.2023,Germany,BZN DE-LU,09:00 - 10:00,,87.02
25.02.2023,Germany,BZN DE-LU,10:00 - 11:00,,74.4
25.02.2023,Germany,BZN DE-LU,11:00 - 12:00,,65.17
25.02.2023,Germany,BZN DE-LU,12:00 - 13:00,,59.43
25.02.2023,Germany,BZN DE-LU,13:00 - 14:00,,44.9
25.02.2023,Germany,BZN DE-LU,14:00 - 15:00,,62.68
25.02.2023,Germany,BZN DE-LU,15:00 - 16:00,,81.85
25.02.2023,Germany,BZN DE-LU,16:00 - 17:00,,96.54
25.02.2023,Germany,BZN DE-LU,17:00 - 18:00,,123.4
25.02.2023,Germany,BZN DE-LU,18:00 - 19:00,,136.48
25.02.2023,Germany,BZN DE-LU,19:00 - 20:00,,130.85
25.02.2023,Germany,BZN DE-LU,20:00 - 21:00,,116.64
25.02.2023,Germany,BZN DE-LU,21:00 - 22:00,,102.27
25.02.2023,Germany,BZN DE-LU,22:00 - 23:00,,114.93
25.02.2023,Germany,BZN DE-LU,23:00 - 00:00,,107.43
25.02.2023,Germany,BZN CZ-DE-SK,00:00 - 01:00,,
25.02.2023,Germany,BZN CZ-DE-SK,01:00 - 02:00,,
25.02.2023,Germany,BZN CZ-DE-SK,02:00 - 03:00,,
25.02.2023,Germany,BZN CZ-DE-SK,03:00 - 04:00,,
25.02.2023,Germany,BZN CZ-DE-SK,04:00 - 05:00,,
25.02.2023,Germany,BZN CZ-DE-SK,05:00 - 06:00,,
25.02.2023,Germany,BZN CZ-DE-SK,06:00 - 07:00,,
25.02.2023,Germany,BZN CZ-DE-SK,07:00 - 08:00,,
25.02.2023,Germany,BZN CZ-DE-SK,08:00 - 09:00,,
25.02.2023,Germany,BZN CZ-DE-SK,09:00 - 10:00,,
25.02.2023,Germany,BZN CZ-DE-SK,10:00 - 11:00,,
25.02.2023,Germany,BZN CZ-DE-SK,11:00 - 12:00,,
25.02.2023,Germany,BZN CZ-DE-SK,12:00 - 13:00,,
25.02.2023,Germany,BZN CZ-DE-SK,13:00 - 14:00,,
25.02.2023,Germany,BZN CZ-DE-SK,14:00 - 15:00,,
25.02.2023,Germany,BZN CZ-DE-SK,15:00 - 16:00,,
25.02.2023,Germany,BZN CZ-DE-SK,16:00 - 17:00,,
25.02.2023,Germany,BZN CZ-DE-SK,17:00 - 18:00,,
25.02.2023,Germany,BZN CZ-DE-SK,18:00 - 19:00,,
25.02.2023,Germany,BZN CZ-DE-SK,19:00 - 20:00,,
25.02.2023,Germany,BZN CZ-DE-SK,20:00 - 21:00,,
25.02.2023,Germany,BZN CZ-DE-SK,21:00 - 22:00,,
25.02.2023,Germany,BZN CZ-DE-SK,22:00 - 23:00,,
25.02.2023,Germany,BZN CZ-DE-SK,23:00 - 00:00,,
25.02.2023,Germany,BZN DE-AT-LU,00:00 - 01:00,,
25.02.2023,Germany,BZN DE-AT-LU,01:00 - 02:00,,
25.02.2023,Germany,BZN DE-AT-LU,02:00 - 03:00,,
25.02.2023,Germany,BZN DE-AT-LU,03:00 - 04:00,,
25.02.2023,Germany,BZN DE-AT-LU,04:00 - 05:00,,
25.02.2023,Germany,BZN DE-AT-LU,05:00 - 06:00,,
25.02.2023,Germany,BZN DE-AT-LU,06:00 - 07:00,,
25.02.2023,Germany,BZN DE-AT-LU,07:00 - 08:00,,
25.02.2023,Germany,BZN DE-AT-LU,08:00 - 09:00,,
25.02.2023,Germany,BZN DE-AT-LU,09:00 - 10:00,,
25.02.2023,Germany,BZN DE-AT-LU,10:00 - 11:00,,
25.02.2023,Germany,BZN DE-AT-LU,11:00 - 12:00,,
25.02.2023,Germany,BZN DE-AT-LU,12:00 - 13:00,,
25.02.2023,Germany,BZN DE-AT-LU,13:00 - 14:00,,
25.02.2023,Germany,BZN DE-AT-LU,14:00 - 15:00,,
25.02.2023,Germany,BZN DE-AT-LU,15:00 - 16:00,,
25.02.2023,Germany,BZN DE-AT-LU,16:00 - 17:00,,
25.02.2023,Germany,BZN DE-AT-LU,17:00 - 18:00,,
25.02.2023,Germany,BZN DE-AT-LU,18:00 - 19:00,,
25.02.2023,Germany,BZN DE-AT-LU,19:00 - 20:00,,
25.02.2023,Germany,BZN DE-AT-LU,20:00 - 21:00,,
25.02.2023,Germany,BZN DE-AT-LU,21:00 - 22:00,,
25.02.2023,Germany,BZN DE-AT-LU,22:00 - 23:00,,
25.02.2023,Germany,BZN DE-AT-LU,23:00 - 00:00,,
25.02.2023,Greece,BZN GR,00:00 - 01:00,,179.18
25.02.2023,Greece,BZN GR,01:00 - 02:00,,181.26
25.02.2023,Greece,BZN GR,02:00 - 03:00,,179.87
25.02.2023,Greece,BZN GR,03:00 - 04:00,,131.8
25.02.2023,Greece,BZN GR,04:00 - 05:00,,140.36
25.02.2023,Greece,BZN GR,05:00 - 06:00,,180.67
25.02.2023,Greece,BZN GR,06:00 - 07:00,,181.35
25.02.2023,Greece,BZN GR,07:00 - 08:00,,175.92
25.02.2023,Greece,BZN GR,08:00 - 09:00,,149.84
25.02.2023,Greece,BZN GR,09:00 - 10:00,,141.51
25.02.2023,Greece,BZN GR,10:00 - 11:00,,115.53
25.02.2023,Greece,BZN GR,11:00 - 12:00,,90.0
25.02.2023,Greece,BZN GR,12:00 - 13:00,,109.73
25.02.2023,Greece,BZN GR,13:00 - 14:00,,107.98
25.02.2023,Greece,BZN GR,14:00 - 15:00,,121.18
25.02.2023,Greece,BZN GR,15:00 - 16:00,,117.93
25.02.2023,Greece,BZN GR,16:00 - 17:00,,141.51
25.02.2023,Greece,BZN GR,17:00 - 18:00,,150.67
25.02.2023,Greece,BZN GR,18:00 - 19:00,,190.73
25.02.2023,Greece,BZN GR,19:00 - 20:00,,204.99
25.02.2023,Greece,BZN GR,20:00 - 21:00,,177.26
25.02.2023,Greece,BZN GR,21:00 - 22:00,,151.73
25.02.2023,Greece,BZN GR,22:00 - 23:00,,149.3
25.02.2023,Greece,BZN GR,23:00 - 00:00,,145.44
25.02.2023,Hungary,BZN HU,00:00 - 01:00,,85.57
25.02.2023,Hungary,BZN HU,01:00 - 02:00,,84.87
25.02.2023,Hungary,BZN HU,02:00 - 03:00,,72.88
25.02.2023,Hungary,BZN HU,03:00 - 04:00,,69.78
25.02.2023,Hungary,BZN HU,04:00 - 05:00,,81.28
25.02.2023,Hungary,BZN HU,05:00 - 06:00,,73.29
25.02.2023,Hungary,BZN HU,06:00 - 07:00,,77.8
25.02.2023,Hungary,BZN HU,07:00 - 08:00,,85.1
25.02.2023,Hungary,BZN HU,08:00 - 09:00,,92.24
25.02.2023,Hungary,BZN HU,09:00 - 10:00,,94.81
25.02.2023,Hungary,BZN HU,10:00 - 11:00,,90.21
25.02.2023,Hungary,BZN HU,11:00 - 12:00,,63.24
25.02.2023,Hungary,BZN HU,12:00 - 13:00,,60.37
25.02.2023,Hungary,BZN HU,13:00 - 14:00,,81.8
25.02.2023,Hungary,BZN HU,14:00 - 15:00,,61.01
25.02.2023,Hungary,BZN HU,15:00 - 16:00,,75.15
25.02.2023,Hungary,BZN HU,16:00 - 17:00,,96.19
25.02.2023,Hungary,BZN HU,17:00 - 18:00,,124.08
25.02.2023,Hungary,BZN HU,18:00 - 19:00,,141.45
25.02.2023,Hungary,BZN HU,19:00 - 20:00,,134.89
25.02.2023,Hungary,BZN HU,20:00 - 21:00,,118.92
25.02.2023,Hungary,BZN HU,21:00 - 22:00,,105.05
25.02.2023,Hungary,BZN HU,22:00 - 23:00,,114.83
25.02.2023,Hungary,BZN HU,23:00 - 00:00,,110.77
25.02.2023,Ireland,BZN IE(SEM),00:00 - 01:00,,157.0
25.02.2023,Ireland,BZN IE(SEM),01:00 - 02:00,,149.92
25.02.2023,Ireland,BZN IE(SEM),02:00 - 03:00,,149.31
25.02.2023,Ireland,BZN IE(SEM),03:00 - 04:00,,143.36
25.02.2023,Ireland,BZN IE(SEM),04:00 - 05:00,,140.0
25.02.2023,Ireland,BZN IE(SEM),05:00 - 06:00,,140.0
25.02.2023,Ireland,BZN IE(SEM),06:00 - 07:00,,138.95
25.02.2023,Ireland,BZN IE(SEM),07:00 - 08:00,,143.0
25.02.2023,Ireland,BZN IE(SEM),08:00 - 09:00,,150.0
25.02.2023,Ireland,BZN IE(SEM),09:00 - 10:00,,164.0
25.02.2023,Ireland,BZN IE(SEM),10:00 - 11:00,,173.12
25.02.2023,Ireland,BZN IE(SEM),11:00 - 12:00,,173.12
25.02.2023,Ireland,BZN IE(SEM),12:00 - 13:00,,155.0
25.02.2023,Ireland,BZN IE(SEM),13:00 - 14:00,,158.0
25.02.2023,Ireland,BZN IE(SEM),14:00 - 15:00,,157.47
25.02.2023,Ireland,BZN IE(SEM),15:00 - 16:00,,147.58
25.02.2023,Ireland,BZN IE(SEM),16:00 - 17:00,,148.12
25.02.2023,Ireland,BZN IE(SEM),17:00 - 18:00,,163.0
25.02.2023,Ireland,BZN IE(SEM),18:00 - 19:00,,188.68
25.02.2023,Ireland,BZN IE(SEM),19:00 - 20:00,,200.28
25.02.2023,Ireland,BZN IE(SEM),20:00 - 21:00,,185.0
25.02.2023,Ireland,BZN IE(SEM),21:00 - 22:00,,164.0
25.02.2023,Ireland,BZN IE(SEM),22:00 - 23:00,,156.0
25.02.2023,Ireland,BZN IE(SEM),23:00 - 00:00,,145.03
25.02.2023,Italy,BZN IT-Brindisi,00:00 - 01:00,,
25.02.2023,Italy,BZN IT-Brindisi,01:00 - 02:00,,
25.02.2023,Italy,BZN IT-Brindisi,02:00 - 03:00,,
25.02.2023,Italy,BZN IT-Brindisi,03:00 - 04:00,,
25.02.2023,Italy,BZN IT-Brindisi,04:00 - 05:00,,
25.02.2023,Italy,BZN IT-Brindisi,05:00 - 06:00,,
25.02.2023,Italy,BZN IT-Brindisi,06:00 - 07:00,,
25.02.2023,Italy,BZN IT-Brindisi,07:00 - 08:00,,
25.02.2023,Italy,BZN IT-Brindisi,08:00 - 09:00,,
25.02.2023,Italy,BZN IT-Brindisi,09:00 - 10:00,,
25.02.2023,Italy,BZN IT-Brindisi,10:00 - 11:00,,
25.02.2023,Italy,BZN IT-Brindisi,11:00 - 12:00,,
25.02.2023,Italy,BZN IT-Brindisi,12:00 - 13:00,,
25.02.2023,Italy,BZN IT-Brindisi,13:00 - 14:00,,
25.02.2023,Italy,BZN IT-Brindisi,14:00 - 15:00,,
25.02.2023,Italy,BZN IT-Brindisi,15:00 - 16:00,,
25.02.2023,Italy,BZN IT-Brindisi,16:00 - 17:00,,
25.02.2023,Italy,BZN IT-Brindisi,17:00 - 18:00,,
25.02.2023,Italy,BZN IT-Brindisi,18:00 - 19:00,,
25.02.2023,Italy,BZN IT-Brindisi,19:00 - 20:00,,
25.02.2023,Italy,BZN IT-Brindisi,20:00 - 21:00,,
25.02.2023,Italy,BZN IT-Brindisi,21:00 - 22:00,,
25.02.2023,Italy,BZN IT-Brindisi,22:00 - 23:00,,
25.02.2023,Italy,BZN IT-Brindisi,23:00 - 00:00,,
25.02.2023,Italy,BZN IT-Calabria,00:00 - 01:00,,149.84
25.02.2023,Italy,BZN IT-Calabria,01:00 - 02:00,,145.3
25.02.2023,Italy,BZN IT-Calabria,02:00 - 03:00,,141.9
25.02.2023,Italy,BZN IT-Calabria,03:00 - 04:00,,131.8
25.02.2023,Italy,BZN IT-Calabria,04:00 - 05:00,,131.0
25.02.2023,Italy,BZN IT-Calabria,05:00 - 06:00,,130.86
25.02.2023,Italy,BZN IT-Calabria,06:00 - 07:00,,147.53
25.02.2023,Italy,BZN IT-Calabria,07:00 - 08:00,,150.43
25.02.2023,Italy,BZN IT-Calabria,08:00 - 09:00,,149.84
25.02.2023,Italy,BZN IT-Calabria,09:00 - 10:00,,141.51
25.02.2023,Italy,BZN IT-Calabria,10:00 - 11:00,,115.53
25.02.2023,Italy,BZN IT-Calabria,11:00 - 12:00,,90.0
25.02.2023,Italy,BZN IT-Calabria,12:00 - 13:00,,109.73
25.02.2023,Italy,BZN IT-Calabria,13:00 - 14:00,,107.98
25.02.2023,Italy,BZN IT-Calabria,14:00 - 15:00,,121.18
25.02.2023,Italy,BZN IT-Calabria,15:00 - 16:00,,117.93
25.02.2023,Italy,BZN IT-Calabria,16:00 - 17:00,,141.51
25.02.2023,Italy,BZN IT-Calabria,17:00 - 18:00,,150.67
25.02.2023,Italy,BZN IT-Calabria,18:00 - 19:00,,190.73
25.02.2023,Italy,BZN IT-Calabria,19:00 - 20:00,,204.99
25.02.2023,Italy,BZN IT-Calabria,20:00 - 21:00,,177.51
25.02.2023,Italy,BZN IT-Calabria,21:00 - 22:00,,151.73
25.02.2023,Italy,BZN IT-Calabria,22:00 - 23:00,,149.3
25.02.2023,Italy,BZN IT-Calabria,23:00 - 00:00,,145.44
25.02.2023,Italy,BZN IT-Centre-North,00:00 - 01:00,,149.84
25.02.2023,Italy,BZN IT-Centre-North,01:00 - 02:00,,145.3
25.02.2023,Italy,BZN IT-Centre-North,02:00 - 03:00,,141.9
25.02.2023,Italy,BZN IT-Centre-North,03:00 - 04:00,,131.8
25.02.2023,Italy,BZN IT-Centre-North,04:00 - 05:00,,131.0
25.02.2023,Italy,BZN IT-Centre-North,05:00 - 06:00,,130.86
25.02.2023,Italy,BZN IT-Centre-North,06:00 - 07:00,,147.53
25.02.2023,Italy,BZN IT-Centre-North,07:00 - 08:00,,150.43
25.02.2023,Italy,BZN IT-Centre-North,08:00 - 09:00,,153.98
25.02.2023,Italy,BZN IT-Centre-North,09:00 - 10:00,,157.5
25.02.2023,Italy,BZN IT-Centre-North,10:00 - 11:00,,152.32
25.02.2023,Italy,BZN IT-Centre-North,11:00 - 12:00,,146.96
25.02.2023,Italy,BZN IT-Centre-North,12:00 - 13:00,,144.51
25.02.2023,Italy,BZN IT-Centre-North,13:00 - 14:00,,129.99
25.02.2023,Italy,BZN IT-Centre-North,14:00 - 15:00,,121.18
25.02.2023,Italy,BZN IT-Centre-North,15:00 - 16:00,,117.93
25.02.2023,Italy,BZN IT-Centre-North,16:00 - 17:00,,141.51
25.02.2023,Italy,BZN IT-Centre-North,17:00 - 18:00,,150.67
25.02.2023,Italy,BZN IT-Centre-North,18:00 - 19:00,,190.73
25.02.2023,Italy,BZN IT-Centre-North,19:00 - 20:00,,204.99
25.02.2023,Italy,BZN IT-Centre-North,20:00 - 21:00,,177.51
25.02.2023,Italy,BZN IT-Centre-North,21:00 - 22:00,,151.73
25.02.2023,Italy,BZN IT-Centre-North,22:00 - 23:00,,149.3
25.02.2023,Italy,BZN IT-Centre-North,23:00 - 00:00,,145.44
25.02.2023,Italy,BZN IT-Centre-South,00:00 - 01:00,,149.84
25.02.2023,Italy,BZN IT-Centre-South,01:00 - 02:00,,145.3
25.02.2023,Italy,BZN IT-Centre-South,02:00 - 03:00,,141.9
25.02.2023,Italy,BZN IT-Centre-South,03:00 - 04:00,,131.8
25.02.2023,Italy,BZN IT-Centre-South,04:00 - 05:00,,131.0
25.02.2023,Italy,BZN IT-Centre-South,05:00 - 06:00,,130.86
25.02.2023,Italy,BZN IT-Centre-South,06:00 - 07:00,,147.53
25.02.2023,Italy,BZN IT-Centre-South,07:00 - 08:00,,150.43
25.02.2023,Italy,BZN IT-Centre-South,08:00 - 09:00,,149.84
25.02.2023,Italy,BZN IT-Centre-South,09:00 - 10:00,,141.51
25.02.2023,Italy,BZN IT-Centre-South,10:00 - 11:00,,115.53
25.02.2023,Italy,BZN IT-Centre-South,11:00 - 12:00,,90.0
25.02.2023,Italy,BZN IT-Centre-South,12:00 - 13:00,,109.73
25.02.2023,Italy,BZN IT-Centre-South,13:00 - 14:00,,107.98
25.02.2023,Italy,BZN IT-Centre-South,14:00 - 15:00,,121.18
25.02.2023,Italy,BZN IT-Centre-South,15:00 - 16:00,,117.93
25.02.2023,Italy,BZN IT-Centre-South,16:00 - 17:00,,141.51
25.02.2023,Italy,BZN IT-Centre-South,17:00 - 18:00,,150.67
25.02.2023,Italy,BZN IT-Centre-South,18:00 - 19:00,,190.73
25.02.2023,Italy,BZN IT-Centre-South,19:00 - 20:00,,204.99
25.02.2023,Italy,BZN IT-Centre-South,20:00 - 21:00,,177.51
25.02.2023,Italy,BZN IT-Centre-South,21:00 - 22:00,,151.73
25.02.2023,Italy,BZN IT-Centre-South,22:00 - 23:00,,149.3
25.02.2023,Italy,BZN IT-Centre-South,23:00 - 00:00,,145.44
25.02.2023,Italy,BZN IT-Foggia,00:00 - 01:00,,
25.02.2023,Italy,BZN IT-Foggia,01:00 - 02:00,,
25.02.2023,Italy,BZN IT-Foggia,02:00 - 03:00,,
25.02.2023,Italy,BZN IT-Foggia,03:00 - 04:00,,
25.02.2023,Italy,BZN IT-Foggia,04:00 - 05:00,,
25.02.2023,Italy,BZN IT-Foggia,05:00 - 06:00,,
25.02.2023,Italy,BZN IT-Foggia,06:00 - 07:00,,
25.02.2023,Italy,BZN IT-Foggia,07:00 - 08:00,,
25.02.2023,Italy,BZN IT-Foggia,08:00 - 09:00,,
25.02.2023,Italy,BZN IT-Foggia,09:00 - 10:00,,
25.02.2023,Italy,BZN IT-Foggia,10:00 - 11:00,,
25.02.2023,Italy,BZN IT-Foggia,11:00 - 12:00,,
25.02.2023,Italy,BZN IT-Foggia,12:00 - 13:00,,
25.02.2023,Italy,BZN IT-Foggia,13:00 - 14:00,,
25.02.2023,Italy,BZN IT-Foggia,14:00 - 15:00,,
25.02.2023,Italy,BZN IT-Foggia,15:00 - 16:00,,
25.02.2023,Italy,BZN IT-Foggia,16:00 - 17:00,,
25.02.2023,Italy,BZN IT-Foggia,17:00 - 18:00,,
25.02.2023,Italy,BZN IT-Foggia,18:00 - 19:00,,
25.02.2023,Italy,BZN IT-Foggia,19:00 - 20:00,,
25.02.2023,Italy,BZN IT-Foggia,20:00 - 21:00,,
25.02.2023,Italy,BZN IT-Foggia,21:00 - 22:00,,
25.02.2023,Italy,BZN IT-Foggia,22:00 - 23:00,,
25.02.2023,Italy,BZN IT-Foggia,23:00 - 00:00,,
25.02.2023,Italy,BZN IT-GR,00:00 - 01:00,,
25.02.2023,Italy,BZN IT-GR,01:00 - 02:00,,
25.02.2023,Italy,BZN IT-GR,02:00 - 03:00,,
25.02.2023,Italy,BZN IT-GR,03:00 - 04:00,,
25.02.2023,Italy,BZN IT-GR,04:00 - 05:00,,
25.02.2023,Italy,BZN IT-GR,05:00 - 06:00,,
25.02.2023,Italy,BZN IT-GR,06:00 - 07:00,,
25.02.2023,Italy,BZN IT-GR,07:00 - 08:00,,
25.02.2023,Italy,BZN IT-GR,08:00 - 09:00,,
25.02.2023,Italy,BZN IT-GR,09:00 - 10:00,,
25.02.2023,Italy,BZN IT-GR,10:00 - 11:00,,
25.02.2023,Italy,BZN IT-GR,11:00 - 12:00,,
25.02.2023,Italy,BZN IT-GR,12:00 - 13:00,,
25.02.2023,Italy,BZN IT-GR,13:00 - 14:00,,
25.02.2023,Italy,BZN IT-GR,14:00 - 15:00,,
25.02.2023,Italy,BZN IT-GR,15:00 - 16:00,,
25.02.2023,Italy,BZN IT-GR,16:00 - 17:00,,
25.02.2023,Italy,BZN IT-GR,17:00 - 18:00,,
25.02.2023,Italy,BZN IT-GR,18:00 - 19:00,,
25.02.2023,Italy,BZN IT-GR,19:00 - 20:00,,
25.02.2023,Italy,BZN IT-GR,20:00 - 21:00,,
25.02.2023,Italy,BZN IT-GR,21:00 - 22:00,,
25.02.2023,Italy,BZN IT-GR,22:00 - 23:00,,
25.02.2023,Italy,BZN IT-GR,23:00 - 00:00,,
25.02.2023,Italy,BZN IT-North,00:00 - 01:00,,149.84
25.02.2023,Italy,BZN IT-North,01:00 - 02:00,,145.3
25.02.2023,Italy,BZN IT-North,02:00 - 03:00,,141.9
25.02.2023,Italy,BZN IT-North,03:00 - 04:00,,131.8
25.02.2023,Italy,BZN IT-North,04:00 - 05:00,,131.0
25.02.2023,Italy,BZN IT-North,05:00 - 06:00,,130.86
25.02.2023,Italy,BZN IT-North,06:00 - 07:00,,147.53
25.02.2023,Italy,BZN IT-North,07:00 - 08:00,,150.43
25.02.2023,Italy,BZN IT-North,08:00 - 09:00,,153.98
25.02.2023,Italy,BZN IT-North,09:00 - 10:00,,157.5
25.02.2023,Italy,BZN IT-North,10:00 - 11:00,,152.32
25.02.2023,Italy,BZN IT-North,11:00 - 12:00,,146.96
25.02.2023,Italy,BZN IT-North,12:00 - 13:00,,144.51
25.02.2023,Italy,BZN IT-North,13:00 - 14:00,,129.99
25.02.2023,Italy,BZN IT-North,14:00 - 15:00,,121.18
25.02.2023,Italy,BZN IT-North,15:00 - 16:00,,117.93
25.02.2023,Italy,BZN IT-North,16:00 - 17:00,,141.51
25.02.2023,Italy,BZN IT-North,17:00 - 18:00,,150.67
25.02.2023,Italy,BZN IT-North,18:00 - 19:00,,190.73
25.02.2023,Italy,BZN IT-North,19:00 - 20:00,,204.99
25.02.2023,Italy,BZN IT-North,20:00 - 21:00,,177.51
25.02.2023,Italy,BZN IT-North,21:00 - 22:00,,151.73
25.02.2023,Italy,BZN IT-North,22:00 - 23:00,,149.3
25.02.2023,Italy,BZN IT-North,23:00 - 00:00,,145.44
25.02.2023,Italy,BZN IT-North-AT,00:00 - 01:00,,
25.02.2023,Italy,BZN IT-North-AT,01:00 - 02:00,,
25.02.2023,Italy,BZN IT-North-AT,02:00 - 03:00,,
25.02.2023,Italy,BZN IT-North-AT,03:00 - 04:00,,
25.02.2023,Italy,BZN IT-North-AT,04:00 - 05:00,,
25.02.2023,Italy,BZN IT-North-AT,05:00 - 06:00,,
25.02.2023,Italy,BZN IT-North-AT,06:00 - 07:00,,
25.02.2023,Italy,BZN IT-North-AT,07:00 - 08:00,,
25.02.2023,Italy,BZN IT-North-AT,08:00 - 09:00,,
25.02.2023,Italy,BZN IT-North-AT,09:00 - 10:00,,
25.02.2023,Italy,BZN IT-North-AT,10:00 - 11:00,,
25.02.2023,Italy,BZN IT-North-AT,11:00 - 12:00,,
25.02.2023,Italy,BZN IT-North-AT,12:00 - 13:00,,
25.02.2023,Italy,BZN IT-North-AT,13:00 - 14:00,,
25.02.2023,Italy,BZN IT-North-AT,14:00 - 15:00,,
25.02.2023,Italy,BZN IT-North-AT,15:00 - 16:00,,
25.02.2023,Italy,BZN IT-North-AT,16:00 - 17:00,,
25.02.2023,Italy,BZN IT-North-AT,17:00 - 18:00,,
25.02.2023,Italy,BZN IT-North-AT,18:00 - 19:00,,
25.02.2023,Italy,BZN IT-North-AT,19:00 - 20:00,,
25.02.2023,Italy,BZN IT-North-AT,20:00 - 21:00,,
25.02.2023,Italy,BZN IT-North-AT,21:00 - 22:00,,
25.02.2023,Italy,BZN IT-North-AT,22:00 - 23:00,,
25.02.2023,Italy,BZN IT-North-AT,23:00 - 00:00,,
25.02.2023,Italy,BZN IT-North-CH,00:00 - 01:00,,
25.02.2023,Italy,BZN IT-North-CH,01:00 - 02:00,,
25.02.2023,Italy,BZN IT-North-CH,02:00 - 03:00,,
25.02.2023,Italy,BZN IT-North-CH,03:00 - 04:00,,
25.02.2023,Italy,BZN IT-North-CH,04:00 - 05:00,,
25.02.2023,Italy,BZN IT-North-CH,05:00 - 06:00,,
25.02.2023,Italy,BZN IT-North-CH,06:00 - 07:00,,
25.02.2023,Italy,BZN IT-North-CH,07:00 - 08:00,,
25.02.2023,Italy,BZN IT-North-CH,08:00 - 09:00,,
25.02.2023,Italy,BZN IT-North-CH,09:00 - 10:00,,
25.02.2023,Italy,BZN IT-North-CH,10:00 - 11:00,,
25.02.2023,Italy,BZN IT-North-CH,11:00 - 12:00,,
25.02.2023,Italy,BZN IT-North-CH,12:00 - 13:00,,
25.02.2023,Italy,BZN IT-North-CH,13:00 - 14:00,,
25.02.2023,Italy,BZN IT-North-CH,14:00 - 15:00,,
25.02.2023,Italy,BZN IT-North-CH,15:00 - 16:00,,
25.02.2023,Italy,BZN IT-North-CH,16:00 - 17:00,,
25.02.2023,Italy,BZN IT-North-CH,17:00 - 18:00,,
25.02.2023,Italy,BZN IT-North-CH,18:00 - 19:00,,
25.02.2023,Italy,BZN IT-North-CH,19:00 - 20:00,,
25.02.2023,Italy,BZN IT-North-CH,20:00 - 21:00,,
25.02.2023,Italy,BZN IT-North-CH,21:00 - 22:00,,
25.02.2023,Italy,BZN IT-North-CH,22:00 - 23:00,,
25.02.2023,Italy,BZN IT-North-CH,23:00 - 00:00,,
25.02.2023,Italy,BZN IT-North-FR,00:00 - 01:00,,
25.02.2023,Italy,BZN IT-North-FR,01:00 - 02:00,,
25.02.2023,Italy,BZN IT-North-FR,02:00 - 03:00,,
25.02.2023,Italy,BZN IT-North-FR,03:00 - 04:00,,
25.02.2023,Italy,BZN IT-North-FR,04:00 - 05:00,,
25.02.2023,Italy,BZN IT-North-FR,05:00 - 06:00,,
25.02.2023,Italy,BZN IT-North-FR,06:00 - 07:00,,
25.02.2023,Italy,BZN IT-North-FR,07:00 - 08:00,,
25.02.2023,Italy,BZN IT-North-FR,08:00 - 09:00,,
25.02.2023,Italy,BZN IT-North-FR,09:00 - 10:00,,
25.02.2023,Italy,BZN IT-North-FR,10:00 - 11:00,,
25.02.2023,Italy,BZN IT-North-FR,11:00 - 12:00,,
25.02.2023,Italy,BZN IT-North-FR,12:00 - 13:00,,
25.02.2023,Italy,BZN IT-North-FR,13:00 - 14:00,,
25.02.2023,Italy,BZN IT-North-FR,14:00 - 15:00,,
25.02.2023,Italy,BZN IT-North-FR,15:00 - 16:00,,
25.02.2023,Italy,BZN IT-North-FR,16:00 - 17:00,,
25.02.2023,Italy,BZN IT-North-FR,17:00 - 18:00,,
25.02.2023,Italy,BZN IT-North-FR,18:00 - 19:00,,
25.02.2023,Italy,BZN IT-North-FR,19:00 - 20:00,,
25.02.2023,Italy,BZN IT-North-FR,20:00 - 21:00,,
25.02.2023,Italy,BZN IT-North-FR,21:00 - 22:00,,
25.02.2023,Italy,BZN IT-North-FR,22:00 - 23:00,,
25.02.2023,Italy,BZN IT-North-FR,23:00 - 00:00,,
25.02.2023,Italy,BZN IT-North-SI,00:00 - 01:00,,
25.02.2023,Italy,BZN IT-North-SI,01:00 - 02:00,,
25.02.2023,Italy,BZN IT-North-SI,02:00 - 03:00,,
25.02.2023,Italy,BZN IT-North-SI,03:00 - 04:00,,
25.02.2023,Italy,BZN IT-North-SI,04:00 - 05:00,,
25.02.2023,Italy,BZN IT-North-SI,05:00 - 06:00,,
25.02.2023,Italy,BZN IT-North-SI,06:00 - 07:00,,
25.02.2023,Italy,BZN IT-North-SI,07:00 - 08:00,,
25.02.2023,Italy,BZN IT-North-SI,08:00 - 09:00,,
25.02.2023,Italy,BZN IT-North-SI,09:00 - 10:00,,
25.02.2023,Italy,BZN IT-North-SI,10:00 - 11:00,,
25.02.2023,Italy,BZN IT-North-SI,11:00 - 12:00,,
25.02.2023,Italy,BZN IT-North-SI,12:00 - 13:00,,
25.02.2023,Italy,BZN IT-North-SI,13:00 - 14:00,,
25.02.2023,Italy,BZN IT-North-SI,14:00 - 15:00,,
25.02.2023,Italy,BZN IT-North-SI,15:00 - 16:00,,
25.02.2023,Italy,BZN IT-North-SI,16:00 - 17:00,,
25.02.2023,Italy,BZN IT-North-SI,17:00 - 18:00,,
25.02.2023,Italy,BZN IT-North-SI,18:00 - 19:00,,
25.02.2023,Italy,BZN IT-North-SI,19:00 - 20:00,,
25.02.2023,Italy,BZN IT-North-SI,20:00 - 21:00,,
25.02.2023,Italy,BZN IT-North-SI,21:00 - 22:00,,
25.02.2023,Italy,BZN IT-North-SI,22:00 - 23:00,,
25.02.2023,Italy,BZN IT-North-SI,23:00 - 00:00,,
25.02.2023,Italy,BZN IT-Priolo,00:00 - 01:00,,
25.02.2023,Italy,BZN IT-Priolo,01:00 - 02:00,,
25.02.2023,Italy,BZN IT-Priolo,02:00 - 03:00,,
25.02.2023,Italy,BZN IT-Priolo,03:00 - 04:00,,
25.02.2023,Italy,BZN IT-Priolo,04:00 - 05:00,,
25.02.2023,Italy,BZN IT-Priolo,05:00 - 06:00,,
25.02.2023,Italy,BZN IT-Priolo,06:00 - 07:00,,
25.02.2023,Italy,BZN IT-Priolo,07:00 - 08:00,,
25.02.2023,Italy,BZN IT-Priolo,08:00 - 09:00,,
25.02.2023,Italy,BZN IT-Priolo,09:00 - 10:00,,
25.02.2023,Italy,BZN IT-Priolo,10:00 - 11:00,,
25.02.2023,Italy,BZN IT-Priolo,11:00 - 12:00,,
25.02.2023,Italy,BZN IT-Priolo,12:00 - 13:00,,
25.02.2023,Italy,BZN IT-Priolo,13:00 - 14:00,,
25.02.2023,Italy,BZN IT-Priolo,14:00 - 15:00,,
25.02.2023,Italy,BZN IT-Priolo,15:00 - 16:00,,
25.02.2023,Italy,BZN IT-Priolo,16:00 - 17:00,,
25.02.2023,Italy,BZN IT-Priolo,17:00 - 18:00,,
25.02.2023,Italy,BZN IT-Priolo,18:00 - 19:00,,
25.02.2023,Italy,BZN IT-Priolo,19:00 - 20:00,,
25.02.2023,Italy,BZN IT-Priolo,20:00 - 21:00,,
25.02.2023,Italy,BZN IT-Priolo,21:00 - 22:00,,
25.02.2023,Italy,BZN IT-Priolo,22:00 - 23:00,,
25.02.2023,Italy,BZN IT-Priolo,23:00 - 00:00,,
25.02.2023,Italy,BZN IT-Rossano,00:00 - 01:00,,
25.02.2023,Italy,BZN IT-Rossano,01:00 - 02:00,,
25.02.2023,Italy,BZN IT-Rossano,02:00 - 03:00,,
25.02.2023,Italy,BZN IT-Rossano,03:00 - 04:00,,
25.02.2023,Italy,BZN IT-Rossano,04:00 - 05:00,,
25.02.2023,Italy,BZN IT-Rossano,05:00 - 06:00,,
25.02.2023,Italy,BZN IT-Rossano,06:00 - 07:00,,
25.02.2023,Italy,BZN IT-Rossano,07:00 - 08:00,,
25.02.2023,Italy,BZN IT-Rossano,08:00 - 09:00,,
25.02.2023,Italy,BZN IT-Rossano,09:00 - 10:00,,
25.02.2023,Italy,BZN IT-Rossano,10:00 - 11:00,,
25.02.2023,Italy,BZN IT-Rossano,11:00 - 12:00,,
25.02.2023,Italy,BZN IT-Rossano,12:00 - 13:00,,
25.02.2023,Italy,BZN IT-Rossano,13:00 - 14:00,,
25.02.2023,Italy,BZN IT-Rossano,14:00 - 15:00,,
25.02.2023,Italy,BZN IT-Rossano,15:00 - 16:00,,
25.02.2023,Italy,BZN IT-Rossano,16:00 - 17:00,,
25.02.2023,Italy,BZN IT-Rossano,17:00 - 18:00,,
25.02.2023,Italy,BZN IT-Rossano,18:00 - 19:00,,
25.02.2023,Italy,BZN IT-Rossano,19:00 - 20:00,,
25.02.2023,Italy,BZN IT-Rossano,20:00 - 21:00,,
25.02.2023,Italy,BZN IT-Rossano,21:00 - 22:00,,
25.02.2023,Italy,BZN IT-Rossano,22:00 - 23:00,,
25.02.2023,Italy,BZN IT-Rossano,23:00 - 00:00,,
25.02.2023,Italy,BZN IT-SACOAC,00:00 - 01:00,,149.84
25.02.2023,Italy,BZN IT-SACOAC,01:00 - 02:00,,145.3
25.02.2023,Italy,BZN IT-SACOAC,02:00 - 03:00,,141.9
25.02.2023,Italy,BZN IT-SACOAC,03:00 - 04:00,,131.8
25.02.2023,Italy,BZN IT-SACOAC,04:00 - 05:00,,131.0
25.02.2023,Italy,BZN IT-SACOAC,05:00 - 06:00,,130.86
25.02.2023,Italy,BZN IT-SACOAC,06:00 - 07:00,,147.53
25.02.2023,Italy,BZN IT-SACOAC,07:00 - 08:00,,150.43
25.02.2023,Italy,BZN IT-SACOAC,08:00 - 09:00,,149.84
25.02.2023,Italy,BZN IT-SACOAC,09:00 - 10:00,,141.51
25.02.2023,Italy,BZN IT-SACOAC,10:00 - 11:00,,115.53
25.02.2023,Italy,BZN IT-SACOAC,11:00 - 12:00,,90.0
25.02.2023,Italy,BZN IT-SACOAC,12:00 - 13:00,,109.73
25.02.2023,Italy,BZN IT-SACOAC,13:00 - 14:00,,107.98
25.02.2023,Italy,BZN IT-SACOAC,14:00 - 15:00,,121.18
25.02.2023,Italy,BZN IT-SACOAC,15:00 - 16:00,,117.93
25.02.2023,Italy,BZN IT-SACOAC,16:00 - 17:00,,141.51
25.02.2023,Italy,BZN IT-SACOAC,17:00 - 18:00,,150.67
25.02.2023,Italy,BZN IT-SACOAC,18:00 - 19:00,,190.73
25.02.2023,Italy,BZN IT-SACOAC,19:00 - 20:00,,204.99
25.02.2023,Italy,BZN IT-SACOAC,20:00 - 21:00,,177.51
25.02.2023,Italy,BZN IT-SACOAC,21:00 - 22:00,,151.73
25.02.2023,Italy,BZN IT-SACOAC,22:00 - 23:00,,149.3
25.02.2023,Italy,BZN IT-SACOAC,23:00 - 00:00,,145.44
25.02.2023,Italy,BZN IT-SACODC,00:00 - 01:00,,149.84
25.02.2023,Italy,BZN IT-SACODC,01:00 - 02:00,,145.3
25.02.2023,Italy,BZN IT-SACODC,02:00 - 03:00,,141.9
25.02.2023,Italy,BZN IT-SACODC,03:00 - 04:00,,131.8
25.02.2023,Italy,BZN IT-SACODC,04:00 - 05:00,,131.0
25.02.2023,Italy,BZN IT-SACODC,05:00 - 06:00,,130.86
25.02.2023,Italy,BZN IT-SACODC,06:00 - 07:00,,147.53
25.02.2023,Italy,BZN IT-SACODC,07:00 - 08:00,,150.43
25.02.2023,Italy,BZN IT-SACODC,08:00 - 09:00,,153.98
25.02.2023,Italy,BZN IT-SACODC,09:00 - 10:00,,157.5
25.02.2023,Italy,BZN IT-SACODC,10:00 - 11:00,,152.32
25.02.2023,Italy,BZN IT-SACODC,11:00 - 12:00,,146.96
25.02.2023,Italy,BZN IT-SACODC,12:00 - 13:00,,144.51
25.02.2023,Italy,BZN IT-SACODC,13:00 - 14:00,,129.99
25.02.2023,Italy,BZN IT-SACODC,14:00 - 15:00,,121.18
25.02.2023,Italy,BZN IT-SACODC,15:00 - 16:00,,117.93
25.02.2023,Italy,BZN IT-SACODC,16:00 - 17:00,,141.51
25.02.2023,Italy,BZN IT-SACODC,17:00 - 18:00,,150.67
25.02.2023,Italy,BZN IT-SACODC,18:00 - 19:00,,190.73
25.02.2023,Italy,BZN IT-SACODC,19:00 - 20:00,,204.99
25.02.2023,Italy,BZN IT-SACODC,20:00 - 21:00,,177.51
25.02.2023,Italy,BZN IT-SACODC,21:00 - 22:00,,151.73
25.02.2023,Italy,BZN IT-SACODC,22:00 - 23:00,,149.3
25.02.2023,Italy,BZN IT-SACODC,23:00 - 00:00,,145.44
25.02.2023,Italy,BZN IT-Sardina,00:00 - 01:00,,149.84
25.02.2023,Italy,BZN IT-Sardina,01:00 - 02:00,,145.3
25.02.2023,Italy,BZN IT-Sardina,02:00 - 03:00,,141.9
25.02.2023,Italy,BZN IT-Sardina,03:00 - 04:00,,131.8
25.02.2023,Italy,BZN IT-Sardina,04:00 - 05:00,,131.0
25.02.2023,Italy,BZN IT-Sardina,05:00 - 06:00,,130.86
25.02.2023,Italy,BZN IT-Sardina,06:00 - 07:00,,147.53
25.02.2023,Italy,BZN IT-Sardina,07:00 - 08:00,,150.43
25.02.2023,Italy,BZN IT-Sardina,08:00 - 09:00,,149.84
25.02.2023,Italy,BZN IT-Sardina,09:00 - 10:00,,141.51
25.02.2023,Italy,BZN IT-Sardina,10:00 - 11:00,,115.53
25.02.2023,Italy,BZN IT-Sardina,11:00 - 12:00,,90.0
25.02.2023,Italy,BZN IT-Sardina,12:00 - 13:00,,109.73
25.02.2023,Italy,BZN IT-Sardina,13:00 - 14:00,,107.98
25.02.2023,Italy,BZN IT-Sardina,14:00 - 15:00,,121.18
25.02.2023,Italy,BZN IT-Sardina,15:00 - 16:00,,117.93
25.02.2023,Italy,BZN IT-Sardina,16:00 - 17:00,,141.51
25.02.2023,Italy,BZN IT-Sardina,17:00 - 18:00,,150.67
25.02.2023,Italy,BZN IT-Sardina,18:00 - 19:00,,190.73
25.02.2023,Italy,BZN IT-Sardina,19:00 - 20:00,,204.99
25.02.2023,Italy,BZN IT-Sardina,20:00 - 21:00,,177.51
25.02.2023,Italy,BZN IT-Sardina,21:00 - 22:00,,151.73
25.02.2023,Italy,BZN IT-Sardina,22:00 - 23:00,,149.3
25.02.2023,Italy,BZN IT-Sardina,23:00 - 00:00,,145.44
25.02.2023,Italy,BZN IT-Sicily,00:00 - 01:00,,149.84
25.02.2023,Italy,BZN IT-Sicily,01:00 - 02:00,,142.51
25.02.2023,Italy,BZN IT-Sicily,02:00 - 03:00,,141.9
25.02.2023,Italy,BZN IT-Sicily,03:00 - 04:00,,131.8
25.02.2023,Italy,BZN IT-Sicily,04:00 - 05:00,,131.0
25.02.2023,Italy,BZN IT-Sicily,05:00 - 06:00,,130.86
25.02.2023,Italy,BZN IT-Sicily,06:00 - 07:00,,141.51
25.02.2023,Italy,BZN IT-Sicily,07:00 - 08:00,,141.51
25.02.2023,Italy,BZN IT-Sicily,08:00 - 09:00,,141.51
25.02.2023,Italy,BZN IT-Sicily,09:00 - 10:00,,141.51
25.02.2023,Italy,BZN IT-Sicily,10:00 - 11:00,,115.53
25.02.2023,Italy,BZN IT-Sicily,11:00 - 12:00,,90.0
25.02.2023,Italy,BZN IT-Sicily,12:00 - 13:00,,109.73
25.02.2023,Italy,BZN IT-Sicily,13:00 - 14:00,,107.98
25.02.2023,Italy,BZN IT-Sicily,14:00 - 15:00,,121.18
25.02.2023,Italy,BZN IT-Sicily,15:00 - 16:00,,117.93
25.02.2023,Italy,BZN IT-Sicily,16:00 - 17:00,,141.51
25.02.2023,Italy,BZN IT-Sicily,17:00 - 18:00,,150.67
25.02.2023,Italy,BZN IT-Sicily,18:00 - 19:00,,190.73
25.02.2023,Italy,BZN IT-Sicily,19:00 - 20:00,,204.99
25.02.2023,Italy,BZN IT-Sicily,20:00 - 21:00,,177.51
25.02.2023,Italy,BZN IT-Sicily,21:00 - 22:00,,151.73
25.02.2023,Italy,BZN IT-Sicily,22:00 - 23:00,,149.3
25.02.2023,Italy,BZN IT-Sicily,23:00 - 00:00,,145.44
25.02.2023,Italy,BZN IT-South,00:00 - 01:00,,149.84
25.02.2023,Italy,BZN IT-South,01:00 - 02:00,,145.3
25.02.2023,Italy,BZN IT-South,02:00 - 03:00,,141.9
25.02.2023,Italy,BZN IT-South,03:00 - 04:00,,131.8
25.02.2023,Italy,BZN IT-South,04:00 - 05:00,,131.0
25.02.2023,Italy,BZN IT-South,05:00 - 06:00,,130.86
25.02.2023,Italy,BZN IT-South,06:00 - 07:00,,147.53
25.02.2023,Italy,BZN IT-South,07:00 - 08:00,,150.43
25.02.2023,Italy,BZN IT-South,08:00 - 09:00,,149.84
25.02.2023,Italy,BZN IT-South,09:00 - 10:00,,141.51
25.02.2023,Italy,BZN IT-South,10:00 - 11:00,,115.53
25.02.2023,Italy,BZN IT-South,11:00 - 12:00,,90.0
25.02.2023,Italy,BZN IT-South,12:00 - 13:00,,109.73
25.02.2023,Italy,BZN IT-South,13:00 - 14:00,,107.98
25.02.2023,Italy,BZN IT-South,14:00 - 15:00,,121.18
25.02.2023,Italy,BZN IT-South,15:00 - 16:00,,117.93
25.02.2023,Italy,BZN IT-South,16:00 - 17:00,,141.51
25.02.2023,Italy,BZN IT-South,17:00 - 18:00,,150.67
25.02.2023,Italy,BZN IT-South,18:00 - 19:00,,190.73
25.02.2023,Italy,BZN IT-South,19:00 - 20:00,,204.99
25.02.2023,Italy,BZN IT-South,20:00 - 21:00,,177.51
25.02.2023,Italy,BZN IT-South,21:00 - 22:00,,151.73
25.02.2023,Italy,BZN IT-South,22:00 - 23:00,,149.3
25.02.2023,Italy,BZN IT-South,23:00 - 00:00,,145.44
25.02.2023,Italy,BZN IT-Malta,00:00 - 01:00,,
25.02.2023,Italy,BZN IT-Malta,01:00 - 02:00,,
25.02.2023,Italy,BZN IT-Malta,02:00 - 03:00,,
25.02.2023,Italy,BZN IT-Malta,03:00 - 04:00,,
25.02.2023,Italy,BZN IT-Malta,04:00 - 05:00,,
25.02.2023,Italy,BZN IT-Malta,05:00 - 06:00,,
25.02.2023,Italy,BZN IT-Malta,06:00 - 07:00,,
25.02.2023,Italy,BZN IT-Malta,07:00 - 08:00,,
25.02.2023,Italy,BZN IT-Malta,08:00 - 09:00,,
25.02.2023,Italy,BZN IT-Malta,09:00 - 10:00,,
25.02.2023,Italy,BZN IT-Malta,10:00 - 11:00,,
25.02.2023,Italy,BZN IT-Malta,11:00 - 12:00,,
25.02.2023,Italy,BZN IT-Malta,12:00 - 13:00,,
25.02.2023,Italy,BZN IT-Malta,13:00 - 14:00,,
25.02.2023,Italy,BZN IT-Malta,14:00 - 15:00,,
25.02.2023,Italy,BZN IT-Malta,15:00 - 16:00,,
25.02.2023,Italy,BZN IT-Malta,16:00 - 17:00,,
25.02.2023,Italy,BZN IT-Malta,17:00 - 18:00,,
25.02.2023,Italy,BZN IT-Malta,18:00 - 19:00,,
25.02.2023,Italy,BZN IT-Malta,19:00 - 20:00,,
25.02.2023,Italy,BZN IT-Malta,20:00 - 21:00,,
25.02.2023,Italy,BZN IT-Malta,21:00 - 22:00,,
25.02.2023,Italy,BZN IT-Malta,22:00 - 23:00,,
25.02.2023,Italy,BZN IT-Malta,23:00 - 00:00,,
25.02.2023,Kosovo,BZN XK,00:00 - 01:00,,
25.02.2023,Kosovo,BZN XK,01:00 - 02:00,,
25.02.2023,Kosovo,BZN XK,02:00 - 03:00,,
25.02.2023,Kosovo,BZN XK,03:00 - 04:00,,
25.02.2023,Kosovo,BZN XK,04:00 - 05:00,,
25.02.2023,Kosovo,BZN XK,05:00 - 06:00,,
25.02.2023,Kosovo,BZN XK,06:00 - 07:00,,
25.02.2023,Kosovo,BZN XK,07:00 - 08:00,,
25.02.2023,Kosovo,BZN XK,08:00 - 09:00,,
25.02.2023,Kosovo,BZN XK,09:00 - 10:00,,
25.02.2023,Kosovo,BZN XK,10:00 - 11:00,,
25.02.2023,Kosovo,BZN XK,11:00 - 12:00,,
25.02.2023,Kosovo,BZN XK,12:00 - 13:00,,
25.02.2023,Kosovo,BZN XK,13:00 - 14:00,,
25.02.2023,Kosovo,BZN XK,14:00 - 15:00,,
25.02.2023,Kosovo,BZN XK,15:00 - 16:00,,
25.02.2023,Kosovo,BZN XK,16:00 - 17:00,,
25.02.2023,Kosovo,BZN XK,17:00 - 18:00,,
25.02.2023,Kosovo,BZN XK,18:00 - 19:00,,
25.02.2023,Kosovo,BZN XK,19:00 - 20:00,,
25.02.2023,Kosovo,BZN XK,20:00 - 21:00,,
25.02.2023,Kosovo,BZN XK,21:00 - 22:00,,
25.02.2023,Kosovo,BZN XK,22:00 - 23:00,,
25.02.2023,Kosovo,BZN XK,23:00 - 00:00,,
25.02.2023,Latvia,BZN LV,00:00 - 01:00,,71.73
25.02.2023,Latvia,BZN LV,01:00 - 02:00,,64.91
25.02.2023,Latvia,BZN LV,02:00 - 03:00,,57.62
25.02.2023,Latvia,BZN LV,03:00 - 04:00,,56.06
25.02.2023,Latvia,BZN LV,04:00 - 05:00,,71.24
25.02.2023,Latvia,BZN LV,05:00 - 06:00,,80.01
25.02.2023,Latvia,BZN LV,06:00 - 07:00,,66.1
25.02.2023,Latvia,BZN LV,07:00 - 08:00,,72.0
25.02.2023,Latvia,BZN LV,08:00 - 09:00,,78.77
25.02.2023,Latvia,BZN LV,09:00 - 10:00,,75.75
25.02.2023,Latvia,BZN LV,10:00 - 11:00,,63.08
25.02.2023,Latvia,BZN LV,11:00 - 12:00,,101.81
25.02.2023,Latvia,BZN LV,12:00 - 13:00,,49.97
25.02.2023,Latvia,BZN LV,13:00 - 14:00,,44.99
25.02.2023,Latvia,BZN LV,14:00 - 15:00,,49.99
25.02.2023,Latvia,BZN LV,15:00 - 16:00,,63.05
25.02.2023,Latvia,BZN LV,16:00 - 17:00,,91.53
25.02.2023,Latvia,BZN LV,17:00 - 18:00,,115.42
25.02.2023,Latvia,BZN LV,18:00 - 19:00,,109.72
25.02.2023,Latvia,BZN LV,19:00 - 20:00,,74.92
25.02.2023,Latvia,BZN LV,20:00 - 21:00,,54.64
25.02.2023,Latvia,BZN LV,21:00 - 22:00,,64.4
25.02.2023,Latvia,BZN LV,22:00 - 23:00,,70.11
25.02.2023,Latvia,BZN LV,23:00 - 00:00,,50.03
25.02.2023,Lithuania,BZN LT,00:00 - 01:00,,71.73
25.02.2023,Lithuania,BZN LT,01:00 - 02:00,,64.91
25.02.2023,Lithuania,BZN LT,02:00 - 03:00,,57.62
25.02.2023,Lithuania,BZN LT,03:00 - 04:00,,56.06
25.02.2023,Lithuania,BZN LT,04:00 - 05:00,,71.24
25.02.2023,Lithuania,BZN LT,05:00 - 06:00,,80.01
25.02.2023,Lithuania,BZN LT,06:00 - 07:00,,66.1
25.02.2023,Lithuania,BZN LT,07:00 - 08:00,,72.0
25.02.2023,Lithuania,BZN LT,08:00 - 09:00,,78.77
25.02.2023,Lithuania,BZN LT,09:00 - 10:00,,75.75
25.02.2023,Lithuania,BZN LT,10:00 - 11:00,,63.08
25.02.2023,Lithuania,BZN LT,11:00 - 12:00,,101.81
25.02.2023,Lithuania,BZN LT,12:00 - 13:00,,49.97
25.02.2023,Lithuania,BZN LT,13:00 - 14:00,,44.99
25.02.2023,Lithuania,BZN LT,14:00 - 15:00,,49.99
25.02.2023,Lithuania,BZN LT,15:00 - 16:00,,63.05
25.02.2023,Lithuania,BZN LT,16:00 - 17:00,,91.53
25.02.2023,Lithuania,BZN LT,17:00 - 18:00,,115.42
25.02.2023,Lithuania,BZN LT,18:00 - 19:00,,109.72
25.02.2023,Lithuania,BZN LT,19:00 - 20:00,,74.92
25.02.2023,Lithuania,BZN LT,20:00 - 21:00,,54.64
25.02.2023,Lithuania,BZN LT,21:00 - 22:00,,64.4
25.02.2023,Lithuania,BZN LT,22:00 - 23:00,,70.11
25.02.2023,Lithuania,BZN LT,23:00 - 00:00,,50.03
25.02.2023,Luxembourg,BZN DE-LU,00:00 - 01:00,,90.55
25.02.2023,Luxembourg,BZN DE-LU,01:00 - 02:00,,83.14
25.02.2023,Luxembourg,BZN DE-LU,02:00 - 03:00,,78.93
25.02.2023,Luxembourg,BZN DE-LU,03:00 - 04:00,,75.23
25.02.2023,Luxembourg,BZN DE-LU,04:00 - 05:00,,82.03
25.02.2023,Luxembourg,BZN DE-LU,05:00 - 06:00,,77.97
25.02.2023,Luxembourg,BZN DE-LU,06:00 - 07:00,,76.77
25.02.2023,Luxembourg,BZN DE-LU,07:00 - 08:00,,84.47
25.02.2023,Luxembourg,BZN DE-LU,08:00 - 09:00,,89.89
25.02.2023,Luxembourg,BZN DE-LU,09:00 - 10:00,,87.02
25.02.2023,Luxembourg,BZN DE-LU,10:00 - 11:00,,74.4
25.02.2023,Luxembourg,BZN DE-LU,11:00 - 12:00,,65.17
25.02.2023,Luxembourg,BZN DE-LU,12:00 - 13:00,,59.43
25.02.2023,Luxembourg,BZN DE-LU,13:00 - 14:00,,44.9
25.02.2023,Luxembourg,BZN DE-LU,14:00 - 15:00,,62.68
25.02.2023,Luxembourg,BZN DE-LU,15:00 - 16:00,,81.85
25.02.2023,Luxembourg,BZN DE-LU,16:00 - 17:00,,96.54
25.02.2023,Luxembourg,BZN DE-LU,17:00 - 18:00,,123.4
25.02.2023,Luxembourg,BZN DE-LU,18:00 - 19:00,,136.48
25.02.2023,Luxembourg,BZN DE-LU,19:00 - 20:00,,130.85
25.02.2023,Luxembourg,BZN DE-LU,20:00 - 21:00,,116.64
25.02.2023,Luxembourg,BZN DE-LU,21:00 - 22:00,,102.27
25.02.2023,Luxembourg,BZN DE-LU,22:00 - 23:00,,114.93
25.02.2023,Luxembourg,BZN DE-LU,23:00 - 00:00,,107.43
25.02.2023,Luxembourg,BZN DE-AT-LU,00:00 - 01:00,,
25.02.2023,Luxembourg,BZN DE-AT-LU,01:00 - 02:00,,
25.02.2023,Luxembourg,BZN DE-AT-LU,02:00 - 03:00,,
25.02.2023,Luxembourg,BZN DE-AT-LU,03:00 - 04:00,,
25.02.2023,Luxembourg,BZN DE-AT-LU,04:00 - 05:00,,
25.02.2023,Luxembourg,BZN DE-AT-LU,05:00 - 06:00,,
25.02.2023,Luxembourg,BZN DE-AT-LU,06:00 - 07:00,,
25.02.2023,Luxembourg,BZN DE-AT-LU,07:00 - 08:00,,
25.02.2023,Luxembourg,BZN DE-AT-LU,08:00 - 09:00,,
25.02.2023,Luxembourg,BZN DE-AT-LU,09:00 - 10:00,,
25.02.2023,Luxembourg,BZN DE-AT-LU,10:00 - 11:00,,
25.02.2023,Luxembourg,BZN DE-AT-LU,11:00 - 12:00,,
25.02.2023,Luxembourg,BZN DE-AT-LU,12:00 - 13:00,,
25.02.2023,Luxembourg,BZN DE-AT-LU,13:00 - 14:00,,
25.02.2023,Luxembourg,BZN DE-AT-LU,14:00 - 15:00,,
25.02.2023,Luxembourg,BZN DE-AT-LU,15:00 - 16:00,,
25.02.2023,Luxembourg,BZN DE-AT-LU,16:00 - 17:00,,
25.02.2023,Luxembourg,BZN DE-AT-LU,17:00 - 18:00,,
25.02.2023,Luxembourg,BZN DE-AT-LU,18:00 - 19:00,,
25.02.2023,Luxembourg,BZN DE-AT-LU,19:00 - 20:00,,
25.02.2023,Luxembourg,BZN DE-AT-LU,20:00 - 21:00,,
25.02.2023,Luxembourg,BZN DE-AT-LU,21:00 - 22:00,,
25.02.2023,Luxembourg,BZN DE-AT-LU,22:00 - 23:00,,
25.02.2023,Luxembourg,BZN DE-AT-LU,23:00 - 00:00,,
25.02.2023,Malta,BZN MT,00:00 - 01:00,,
25.02.2023,Malta,BZN MT,01:00 - 02:00,,
25.02.2023,Malta,BZN MT,02:00 - 03:00,,
25.02.2023,Malta,BZN MT,03:00 - 04:00,,
25.02.2023,Malta,BZN MT,04:00 - 05:00,,
25.02.2023,Malta,BZN MT,05:00 - 06:00,,
25.02.2023,Malta,BZN MT,06:00 - 07:00,,
25.02.2023,Malta,BZN MT,07:00 - 08:00,,
25.02.2023,Malta,BZN MT,08:00 - 09:00,,
25.02.2023,Malta,BZN MT,09:00 - 10:00,,
25.02.2023,Malta,BZN MT,10:00 - 11:00,,
25.02.2023,Malta,BZN MT,11:00 - 12:00,,
25.02.2023,Malta,BZN MT,12:00 - 13:00,,
25.02.2023,Malta,BZN MT,13:00 - 14:00,,
25.02.2023,Malta,BZN MT,14:00 - 15:00,,
25.02.2023,Malta,BZN MT,15:00 - 16:00,,
25.02.2023,Malta,BZN MT,16:00 - 17:00,,
25.02.2023,Malta,BZN MT,17:00 - 18:00,,
25.02.2023,Malta,BZN MT,18:00 - 19:00,,
25.02.2023,Malta,BZN MT,19:00 - 20:00,,
25.02.2023,Malta,BZN MT,20:00 - 21:00,,
25.02.2023,Malta,BZN MT,21:00 - 22:00,,
25.02.2023,Malta,BZN MT,22:00 - 23:00,,
25.02.2023,Malta,BZN MT,23:00 - 00:00,,
25.02.2023,Moldova,BZN MD,00:00 - 01:00,,
25.02.2023,Moldova,BZN MD,01:00 - 02:00,,
25.02.2023,Moldova,BZN MD,02:00 - 03:00,,
25.02.2023,Moldova,BZN MD,03:00 - 04:00,,
25.02.2023,Moldova,BZN MD,04:00 - 05:00,,
25.02.2023,Moldova,BZN MD,05:00 - 06:00,,
25.02.2023,Moldova,BZN MD,06:00 - 07:00,,
25.02.2023,Moldova,BZN MD,07:00 - 08:00,,
25.02.2023,Moldova,BZN MD,08:00 - 09:00,,
25.02.2023,Moldova,BZN MD,09:00 - 10:00,,
25.02.2023,Moldova,BZN MD,10:00 - 11:00,,
25.02.2023,Moldova,BZN MD,11:00 - 12:00,,
25.02.2023,Moldova,BZN MD,12:00 - 13:00,,
25.02.2023,Moldova,BZN MD,13:00 - 14:00,,
25.02.2023,Moldova,BZN MD,14:00 - 15:00,,
25.02.2023,Moldova,BZN MD,15:00 - 16:00,,
25.02.2023,Moldova,BZN MD,16:00 - 17:00,,
25.02.2023,Moldova,BZN MD,17:00 - 18:00,,
25.02.2023,Moldova,BZN MD,18:00 - 19:00,,
25.02.2023,Moldova,BZN MD,19:00 - 20:00,,
25.02.2023,Moldova,BZN MD,20:00 - 21:00,,
25.02.2023,Moldova,BZN MD,21:00 - 22:00,,
25.02.2023,Moldova,BZN MD,22:00 - 23:00,,
25.02.2023,Moldova,BZN MD,23:00 - 00:00,,
25.02.2023,Montenegro,BZN ME,00:00 - 01:00,,
25.02.2023,Montenegro,BZN ME,01:00 - 02:00,,
25.02.2023,Montenegro,BZN ME,02:00 - 03:00,,
25.02.2023,Montenegro,BZN ME,03:00 - 04:00,,
25.02.2023,Montenegro,BZN ME,04:00 - 05:00,,
25.02.2023,Montenegro,BZN ME,05:00 - 06:00,,
25.02.2023,Montenegro,BZN ME,06:00 - 07:00,,
25.02.2023,Montenegro,BZN ME,07:00 - 08:00,,
25.02.2023,Montenegro,BZN ME,08:00 - 09:00,,
25.02.2023,Montenegro,BZN ME,09:00 - 10:00,,
25.02.2023,Montenegro,BZN ME,10:00 - 11:00,,
25.02.2023,Montenegro,BZN ME,11:00 - 12:00,,
25.02.2023,Montenegro,BZN ME,12:00 - 13:00,,
25.02.2023,Montenegro,BZN ME,13:00 - 14:00,,
25.02.2023,Montenegro,BZN ME,14:00 - 15:00,,
25.02.2023,Montenegro,BZN ME,15:00 - 16:00,,
25.02.2023,Montenegro,BZN ME,16:00 - 17:00,,
25.02.2023,Montenegro,BZN ME,17:00 - 18:00,,
25.02.2023,Montenegro,BZN ME,18:00 - 19:00,,
25.02.2023,Montenegro,BZN ME,19:00 - 20:00,,
25.02.2023,Montenegro,BZN ME,20:00 - 21:00,,
25.02.2023,Montenegro,BZN ME,21:00 - 22:00,,
25.02.2023,Montenegro,BZN ME,22:00 - 23:00,,
25.02.2023,Montenegro,BZN ME,23:00 - 00:00,,
25.02.2023,Netherlands,BZN NL,00:00 - 01:00,,115.02
25.02.2023,Netherlands,BZN NL,01:00 - 02:00,,106.91
25.02.2023,Netherlands,BZN NL,02:00 - 03:00,,103.14
25.02.2023,Netherlands,BZN NL,03:00 - 04:00,,97.03
25.02.2023,Netherlands,BZN NL,04:00 - 05:00,,87.0
25.02.2023,Netherlands,BZN NL,05:00 - 06:00,,95.41
25.02.2023,Netherlands,BZN NL,06:00 - 07:00,,100.1
25.02.2023,Netherlands,BZN NL,07:00 - 08:00,,95.3
25.02.2023,Netherlands,BZN NL,08:00 - 09:00,,119.9
25.02.2023,Netherlands,BZN NL,09:00 - 10:00,,105.07
25.02.2023,Netherlands,BZN NL,10:00 - 11:00,,74.4
25.02.2023,Netherlands,BZN NL,11:00 - 12:00,,54.9
25.02.2023,Netherlands,BZN NL,12:00 - 13:00,,47.35
25.02.2023,Netherlands,BZN NL,13:00 - 14:00,,35.05
25.02.2023,Netherlands,BZN NL,14:00 - 15:00,,52.35
25.02.2023,Netherlands,BZN NL,15:00 - 16:00,,84.9
25.02.2023,Netherlands,BZN NL,16:00 - 17:00,,93.9
25.02.2023,Netherlands,BZN NL,17:00 - 18:00,,124.8
25.02.2023,Netherlands,BZN NL,18:00 - 19:00,,172.0
25.02.2023,Netherlands,BZN NL,19:00 - 20:00,,186.6
25.02.2023,Netherlands,BZN NL,20:00 - 21:00,,170.0
25.02.2023,Netherlands,BZN NL,21:00 - 22:00,,166.92
25.02.2023,Netherlands,BZN NL,22:00 - 23:00,,149.2
25.02.2023,Netherlands,BZN NL,23:00 - 00:00,,125.6
25.02.2023,North Macedonia,BZN MK,00:00 - 01:00,,
25.02.2023,North Macedonia,BZN MK,01:00 - 02:00,,
25.02.2023,North Macedonia,BZN MK,02:00 - 03:00,,
25.02.2023,North Macedonia,BZN MK,03:00 - 04:00,,
25.02.2023,North Macedonia,BZN MK,04:00 - 05:00,,
25.02.2023,North Macedonia,BZN MK,05:00 - 06:00,,
25.02.2023,North Macedonia,BZN MK,06:00 - 07:00,,
25.02.2023,North Macedonia,BZN MK,07:00 - 08:00,,
25.02.2023,North Macedonia,BZN MK,08:00 - 09:00,,
25.02.2023,North Macedonia,BZN MK,09:00 - 10:00,,
25.02.2023,North Macedonia,BZN MK,10:00 - 11:00,,
25.02.2023,North Macedonia,BZN MK,11:00 - 12:00,,
25.02.2023,North Macedonia,BZN MK,12:00 - 13:00,,
25.02.2023,North Macedonia,BZN MK,13:00 - 14:00,,
25.02.2023,North Macedonia,BZN MK,14:00 - 15:00,,
25.02.2023,North Macedonia,BZN MK,15:00 - 16:00,,
25.02.2023,North Macedonia,BZN MK,16:00 - 17:00,,
25.02.2023,North Macedonia,BZN MK,17:00 - 18:00,,
25.02.2023,North Macedonia,BZN MK,18:00 - 19:00,,
25.02.2023,North Macedonia,BZN MK,19:00 - 20:00,,
25.02.2023,North Macedonia,BZN MK,20:00 - 21:00,,
25.02.2023,North Macedonia,BZN MK,21:00 - 22:00,,
25.02.2023,North Macedonia,BZN MK,22:00 - 23:00,,
25.02.2023,North Macedonia,BZN MK,23:00 - 00:00,,
25.02.2023,Norway,BZN NO1,00:00 - 01:00,,90.52
25.02.2023,Norway,BZN NO1,01:00 - 02:00,,85.8
25.02.2023,Norway,BZN NO1,02:00 - 03:00,,84.58
25.02.2023,Norway,BZN NO1,03:00 - 04:00,,84.38
25.02.2023,Norway,BZN NO1,04:00 - 05:00,,84.65
25.02.2023,Norway,BZN NO1,05:00 - 06:00,,85.5
25.02.2023,Norway,BZN NO1,06:00 - 07:00,,86.08
25.02.2023,Norway,BZN NO1,07:00 - 08:00,,87.17
25.02.2023,Norway,BZN NO1,08:00 - 09:00,,92.21
25.02.2023,Norway,BZN NO1,09:00 - 10:00,,89.8
25.02.2023,Norway,BZN NO1,10:00 - 11:00,,86.3
25.02.2023,Norway,BZN NO1,11:00 - 12:00,,84.22
25.02.2023,Norway,BZN NO1,12:00 - 13:00,,82.03
25.02.2023,Norway,BZN NO1,13:00 - 14:00,,81.31
25.02.2023,Norway,BZN NO1,14:00 - 15:00,,82.03
25.02.2023,Norway,BZN NO1,15:00 - 16:00,,86.77
25.02.2023,Norway,BZN NO1,16:00 - 17:00,,90.0
25.02.2023,Norway,BZN NO1,17:00 - 18:00,,95.45
25.02.2023,Norway,BZN NO1,18:00 - 19:00,,99.01
25.02.2023,Norway,BZN NO1,19:00 - 20:00,,99.0
25.02.2023,Norway,BZN NO1,20:00 - 21:00,,96.38
25.02.2023,Norway,BZN NO1,21:00 - 22:00,,95.99
25.02.2023,Norway,BZN NO1,22:00 - 23:00,,96.21
25.02.2023,Norway,BZN NO1,23:00 - 00:00,,96.14
25.02.2023,Norway,BZN NO2,00:00 - 01:00,,90.52
25.02.2023,Norway,BZN NO2,01:00 - 02:00,,85.8
25.02.2023,Norway,BZN NO2,02:00 - 03:00,,84.58
25.02.2023,Norway,BZN NO2,03:00 - 04:00,,84.38
25.02.2023,Norway,BZN NO2,04:00 - 05:00,,84.65
25.02.2023,Norway,BZN NO2,05:00 - 06:00,,85.5
25.02.2023,Norway,BZN NO2,06:00 - 07:00,,86.08
25.02.2023,Norway,BZN NO2,07:00 - 08:00,,87.17
25.02.2023,Norway,BZN NO2,08:00 - 09:00,,92.21
25.02.2023,Norway,BZN NO2,09:00 - 10:00,,89.8
25.02.2023,Norway,BZN NO2,10:00 - 11:00,,86.3
25.02.2023,Norway,BZN NO2,11:00 - 12:00,,84.22
25.02.2023,Norway,BZN NO2,12:00 - 13:00,,82.03
25.02.2023,Norway,BZN NO2,13:00 - 14:00,,81.31
25.02.2023,Norway,BZN NO2,14:00 - 15:00,,82.03
25.02.2023,Norway,BZN NO2,15:00 - 16:00,,86.77
25.02.2023,Norway,BZN NO2,16:00 - 17:00,,90.0
25.02.2023,Norway,BZN NO2,17:00 - 18:00,,95.45
25.02.2023,Norway,BZN NO2,18:00 - 19:00,,99.01
25.02.2023,Norway,BZN NO2,19:00 - 20:00,,99.0
25.02.2023,Norway,BZN NO2,20:00 - 21:00,,96.38
25.02.2023,Norway,BZN NO2,21:00 - 22:00,,95.99
25.02.2023,Norway,BZN NO2,22:00 - 23:00,,96.21
25.02.2023,Norway,BZN NO2,23:00 - 00:00,,96.14
25.02.2023,Norway,BZN NO2NSL,00:00 - 01:00,,81.25
25.02.2023,Norway,BZN NO2NSL,01:00 - 02:00,,75.11
25.02.2023,Norway,BZN NO2NSL,02:00 - 03:00,,72.0
25.02.2023,Norway,BZN NO2NSL,03:00 - 04:00,,71.0
25.02.2023,Norway,BZN NO2NSL,04:00 - 05:00,,74.35
25.02.2023,Norway,BZN NO2NSL,05:00 - 06:00,,76.66
25.02.2023,Norway,BZN NO2NSL,06:00 - 07:00,,85.23
25.02.2023,Norway,BZN NO2NSL,07:00 - 08:00,,87.59
25.02.2023,Norway,BZN NO2NSL,08:00 - 09:00,,90.9
25.02.2023,Norway,BZN NO2NSL,09:00 - 10:00,,90.85
25.02.2023,Norway,BZN NO2NSL,10:00 - 11:00,,88.75
25.02.2023,Norway,BZN NO2NSL,11:00 - 12:00,,85.18
25.02.2023,Norway,BZN NO2NSL,12:00 - 13:00,,83.0
25.02.2023,Norway,BZN NO2NSL,13:00 - 14:00,,79.43
25.02.2023,Norway,BZN NO2NSL,14:00 - 15:00,,77.35
25.02.2023,Norway,BZN NO2NSL,15:00 - 16:00,,80.42
25.02.2023,Norway,BZN NO2NSL,16:00 - 17:00,,93.13
25.02.2023,Norway,BZN NO2NSL,17:00 - 18:00,,99.0
25.02.2023,Norway,BZN NO2NSL,18:00 - 19:00,,99.51
25.02.2023,Norway,BZN NO2NSL,19:00 - 20:00,,99.29
25.02.2023,Norway,BZN NO2NSL,20:00 - 21:00,,96.85
25.02.2023,Norway,BZN NO2NSL,21:00 - 22:00,,97.04
25.02.2023,Norway,BZN NO2NSL,22:00 - 23:00,,98.0
25.02.2023,Norway,BZN NO2NSL,23:00 - 00:00,,97.99
25.02.2023,Norway,BZN NO3,00:00 - 01:00,,25.22
25.02.2023,Norway,BZN NO3,01:00 - 02:00,,23.84
25.02.2023,Norway,BZN NO3,02:00 - 03:00,,23.34
25.02.2023,Norway,BZN NO3,03:00 - 04:00,,23.11
25.02.2023,Norway,BZN NO3,04:00 - 05:00,,23.28
25.02.2023,Norway,BZN NO3,05:00 - 06:00,,23.74
25.02.2023,Norway,BZN NO3,06:00 - 07:00,,24.42
25.02.2023,Norway,BZN NO3,07:00 - 08:00,,28.0
25.02.2023,Norway,BZN NO3,08:00 - 09:00,,32.89
25.02.2023,Norway,BZN NO3,09:00 - 10:00,,34.0
25.02.2023,Norway,BZN NO3,10:00 - 11:00,,33.04
25.02.2023,Norway,BZN NO3,11:00 - 12:00,,32.93
25.02.2023,Norway,BZN NO3,12:00 - 13:00,,30.97
25.02.2023,Norway,BZN NO3,13:00 - 14:00,,30.37
25.02.2023,Norway,BZN NO3,14:00 - 15:00,,29.53
25.02.2023,Norway,BZN NO3,15:00 - 16:00,,30.47
25.02.2023,Norway,BZN NO3,16:00 - 17:00,,33.33
25.02.2023,Norway,BZN NO3,17:00 - 18:00,,36.04
25.02.2023,Norway,BZN NO3,18:00 - 19:00,,38.61
25.02.2023,Norway,BZN NO3,19:00 - 20:00,,41.73
25.02.2023,Norway,BZN NO3,20:00 - 21:00,,42.88
25.02.2023,Norway,BZN NO3,21:00 - 22:00,,43.05
25.02.2023,Norway,BZN NO3,22:00 - 23:00,,43.61
25.02.2023,Norway,BZN NO3,23:00 - 00:00,,43.19
25.02.2023,Norway,BZN NO4,00:00 - 01:00,,25.22
25.02.2023,Norway,BZN NO4,01:00 - 02:00,,23.84
25.02.2023,Norway,BZN NO4,02:00 - 03:00,,23.34
25.02.2023,Norway,BZN NO4,03:00 - 04:00,,23.11
25.02.2023,Norway,BZN NO4,04:00 - 05:00,,23.28
25.02.2023,Norway,BZN NO4,05:00 - 06:00,,23.74
25.02.2023,Norway,BZN NO4,06:00 - 07:00,,24.36
25.02.2023,Norway,BZN NO4,07:00 - 08:00,,24.85
25.02.2023,Norway,BZN NO4,08:00 - 09:00,,24.98
25.02.2023,Norway,BZN NO4,09:00 - 10:00,,25.26
25.02.2023,Norway,BZN NO4,10:00 - 11:00,,25.29
25.02.2023,Norway,BZN NO4,11:00 - 12:00,,25.26
25.02.2023,Norway,BZN NO4,12:00 - 13:00,,25.22
25.02.2023,Norway,BZN NO4,13:00 - 14:00,,25.21
25.02.2023,Norway,BZN NO4,14:00 - 15:00,,25.3
25.02.2023,Norway,BZN NO4,15:00 - 16:00,,25.64
25.02.2023,Norway,BZN NO4,16:00 - 17:00,,26.01
25.02.2023,Norway,BZN NO4,17:00 - 18:00,,26.29
25.02.2023,Norway,BZN NO4,18:00 - 19:00,,26.36
25.02.2023,Norway,BZN NO4,19:00 - 20:00,,26.36
25.02.2023,Norway,BZN NO4,20:00 - 21:00,,26.39
25.02.2023,Norway,BZN NO4,21:00 - 22:00,,26.56
25.02.2023,Norway,BZN NO4,22:00 - 23:00,,26.57
25.02.2023,Norway,BZN NO4,23:00 - 00:00,,26.36
25.02.2023,Norway,BZN NO5,00:00 - 01:00,,90.52
25.02.2023,Norway,BZN NO5,01:00 - 02:00,,85.8
25.02.2023,Norway,BZN NO5,02:00 - 03:00,,84.58
25.02.2023,Norway,BZN NO5,03:00 - 04:00,,84.38
25.02.2023,Norway,BZN NO5,04:00 - 05:00,,84.65
25.02.2023,Norway,BZN NO5,05:00 - 06:00,,85.5
25.02.2023,Norway,BZN NO5,06:00 - 07:00,,86.08
25.02.2023,Norway,BZN NO5,07:00 - 08:00,,87.17
25.02.2023,Norway,BZN NO5,08:00 - 09:00,,92.21
25.02.2023,Norway,BZN NO5,09:00 - 10:00,,89.8
25.02.2023,Norway,BZN NO5,10:00 - 11:00,,86.3
25.02.2023,Norway,BZN NO5,11:00 - 12:00,,84.22
25.02.2023,Norway,BZN NO5,12:00 - 13:00,,82.03
25.02.2023,Norway,BZN NO5,13:00 - 14:00,,81.31
25.02.2023,Norway,BZN NO5,14:00 - 15:00,,82.03
25.02.2023,Norway,BZN NO5,15:00 - 16:00,,86.77
25.02.2023,Norway,BZN NO5,16:00 - 17:00,,90.0
25.02.2023,Norway,BZN NO5,17:00 - 18:00,,95.45
25.02.2023,Norway,BZN NO5,18:00 - 19:00,,99.01
25.02.2023,Norway,BZN NO5,19:00 - 20:00,,99.0
25.02.2023,Norway,BZN NO5,20:00 - 21:00,,96.38
25.02.2023,Norway,BZN NO5,21:00 - 22:00,,95.99
25.02.2023,Norway,BZN NO5,22:00 - 23:00,,96.21
25.02.2023,Norway,BZN NO5,23:00 - 00:00,,96.14
25.02.2023,Poland,BZN PL,00:00 - 01:00,,121.65
25.02.2023,Poland,BZN PL,01:00 - 02:00,,118.99
25.02.2023,Poland,BZN PL,02:00 - 03:00,,120.51
25.02.2023,Poland,BZN PL,03:00 - 04:00,,119.67
25.02.2023,Poland,BZN PL,04:00 - 05:00,,119.38
25.02.2023,Poland,BZN PL,05:00 - 06:00,,118.96
25.02.2023,Poland,BZN PL,06:00 - 07:00,,116.35
25.02.2023,Poland,BZN PL,07:00 - 08:00,,116.5
25.02.2023,Poland,BZN PL,08:00 - 09:00,,121.18
25.02.2023,Poland,BZN PL,09:00 - 10:00,,122.55
25.02.2023,Poland,BZN PL,10:00 - 11:00,,122.72
25.02.2023,Poland,BZN PL,11:00 - 12:00,,122.55
25.02.2023,Poland,BZN PL,12:00 - 13:00,,118.96
25.02.2023,Poland,BZN PL,13:00 - 14:00,,118.95
25.02.2023,Poland,BZN PL,14:00 - 15:00,,119.67
25.02.2023,Poland,BZN PL,15:00 - 16:00,,119.02
25.02.2023,Poland,BZN PL,16:00 - 17:00,,110.01
25.02.2023,Poland,BZN PL,17:00 - 18:00,,121.86
25.02.2023,Poland,BZN PL,18:00 - 19:00,,117.12
25.02.2023,Poland,BZN PL,19:00 - 20:00,,119.27
25.02.2023,Poland,BZN PL,20:00 - 21:00,,109.8
25.02.2023,Poland,BZN PL,21:00 - 22:00,,108.01
25.02.2023,Poland,BZN PL,22:00 - 23:00,,107.66
25.02.2023,Poland,BZN PL,23:00 - 00:00,,99.0
25.02.2023,Portugal,BZN PT,00:00 - 01:00,,158.44
25.02.2023,Portugal,BZN PT,01:00 - 02:00,,145.3
25.02.2023,Portugal,BZN PT,02:00 - 03:00,,141.9
25.02.2023,Portugal,BZN PT,03:00 - 04:00,,133.0
25.02.2023,Portugal,BZN PT,04:00 - 05:00,,135.0
25.02.2023,Portugal,BZN PT,05:00 - 06:00,,130.86
25.02.2023,Portugal,BZN PT,06:00 - 07:00,,135.04
25.02.2023,Portugal,BZN PT,07:00 - 08:00,,150.43
25.02.2023,Portugal,BZN PT,08:00 - 09:00,,153.98
25.02.2023,Portugal,BZN PT,09:00 - 10:00,,157.5
25.02.2023,Portugal,BZN PT,10:00 - 11:00,,152.32
25.02.2023,Portugal,BZN PT,11:00 - 12:00,,146.96
25.02.2023,Portugal,BZN PT,12:00 - 13:00,,144.51
25.02.2023,Portugal,BZN PT,13:00 - 14:00,,129.99
25.02.2023,Portugal,BZN PT,14:00 - 15:00,,121.18
25.02.2023,Portugal,BZN PT,15:00 - 16:00,,117.93
25.02.2023,Portugal,BZN PT,16:00 - 17:00,,119.56
25.02.2023,Portugal,BZN PT,17:00 - 18:00,,133.0
25.02.2023,Portugal,BZN PT,18:00 - 19:00,,153.92
25.02.2023,Portugal,BZN PT,19:00 - 20:00,,163.34
25.02.2023,Portugal,BZN PT,20:00 - 21:00,,160.22
25.02.2023,Portugal,BZN PT,21:00 - 22:00,,155.22
25.02.2023,Portugal,BZN PT,22:00 - 23:00,,149.3
25.02.2023,Portugal,BZN PT,23:00 - 00:00,,145.44
25.02.2023,Romania,BZN RO,00:00 - 01:00,,87.27
25.02.2023,Romania,BZN RO,01:00 - 02:00,,86.3
25.02.2023,Romania,BZN RO,02:00 - 03:00,,74.68
25.02.2023,Romania,BZN RO,03:00 - 04:00,,71.41
25.02.2023,Romania,BZN RO,04:00 - 05:00,,82.45
25.02.2023,Romania,BZN RO,05:00 - 06:00,,74.79
25.02.2023,Romania,BZN RO,06:00 - 07:00,,78.97
25.02.2023,Romania,BZN RO,07:00 - 08:00,,86.46
25.02.2023,Romania,BZN RO,08:00 - 09:00,,93.47
25.02.2023,Romania,BZN RO,09:00 - 10:00,,95.89
25.02.2023,Romania,BZN RO,10:00 - 11:00,,91.15
25.02.2023,Romania,BZN RO,11:00 - 12:00,,65.84
25.02.2023,Romania,BZN RO,12:00 - 13:00,,19.05
25.02.2023,Romania,BZN RO,13:00 - 14:00,,9.77
25.02.2023,Romania,BZN RO,14:00 - 15:00,,63.33
25.02.2023,Romania,BZN RO,15:00 - 16:00,,71.58
25.02.2023,Romania,BZN RO,16:00 - 17:00,,86.37
25.02.2023,Romania,BZN RO,17:00 - 18:00,,113.44
25.02.2023,Romania,BZN RO,18:00 - 19:00,,140.85
25.02.2023,Romania,BZN RO,19:00 - 20:00,,135.05
25.02.2023,Romania,BZN RO,20:00 - 21:00,,119.7
25.02.2023,Romania,BZN RO,21:00 - 22:00,,105.84
25.02.2023,Romania,BZN RO,22:00 - 23:00,,115.57
25.02.2023,Romania,BZN RO,23:00 - 00:00,,111.24
25.02.2023,Serbia,BZN RS,00:00 - 01:00,,105.69
25.02.2023,Serbia,BZN RS,01:00 - 02:00,,99.48
25.02.2023,Serbia,BZN RS,02:00 - 03:00,,84.42
25.02.2023,Serbia,BZN RS,03:00 - 04:00,,77.66
25.02.2023,Serbia,BZN RS,04:00 - 05:00,,77.91
25.02.2023,Serbia,BZN RS,05:00 - 06:00,,93.01
25.02.2023,Serbia,BZN RS,06:00 - 07:00,,99.1
25.02.2023,Serbia,BZN RS,07:00 - 08:00,,110.25
25.02.2023,Serbia,BZN RS,08:00 - 09:00,,108.97
25.02.2023,Serbia,BZN RS,09:00 - 10:00,,109.62
25.02.2023,Serbia,BZN RS,10:00 - 11:00,,110.1
25.02.2023,Serbia,BZN RS,11:00 - 12:00,,91.14
25.02.2023,Serbia,BZN RS,12:00 - 13:00,,72.93
25.02.2023,Serbia,BZN RS,13:00 - 14:00,,57.74
25.02.2023,Serbia,BZN RS,14:00 - 15:00,,62.95
25.02.2023,Serbia,BZN RS,15:00 - 16:00,,75.84
25.02.2023,Serbia,BZN RS,16:00 - 17:00,,101.59
25.02.2023,Serbia,BZN RS,17:00 - 18:00,,122.51
25.02.2023,Serbia,BZN RS,18:00 - 19:00,,137.05
25.02.2023,Serbia,BZN RS,19:00 - 20:00,,140.06
25.02.2023,Serbia,BZN RS,20:00 - 21:00,,126.1
25.02.2023,Serbia,BZN RS,21:00 - 22:00,,118.8
25.02.2023,Serbia,BZN RS,22:00 - 23:00,,123.1
25.02.2023,Serbia,BZN RS,23:00 - 00:00,,120.81
25.02.2023,Slovakia,BZN SK,00:00 - 01:00,,81.81
25.02.2023,Slovakia,BZN SK,01:00 - 02:00,,81.25
25.02.2023,Slovakia,BZN SK,02:00 - 03:00,,68.69
25.02.2023,Slovakia,BZN SK,03:00 - 04:00,,66.0
25.02.2023,Slovakia,BZN SK,04:00 - 05:00,,78.7
25.02.2023,Slovakia,BZN SK,05:00 - 06:00,,69.85
25.02.2023,Slovakia,BZN SK,06:00 - 07:00,,74.98
25.02.2023,Slovakia,BZN SK,07:00 - 08:00,,81.88
25.02.2023,Slovakia,BZN SK,08:00 - 09:00,,89.23
25.02.2023,Slovakia,BZN SK,09:00 - 10:00,,91.84
25.02.2023,Slovakia,BZN SK,10:00 - 11:00,,87.26
25.02.2023,Slovakia,BZN SK,11:00 - 12:00,,58.02
25.02.2023,Slovakia,BZN SK,12:00 - 13:00,,54.05
25.02.2023,Slovakia,BZN SK,13:00 - 14:00,,76.44
25.02.2023,Slovakia,BZN SK,14:00 - 15:00,,56.63
25.02.2023,Slovakia,BZN SK,15:00 - 16:00,,71.79
25.02.2023,Slovakia,BZN SK,16:00 - 17:00,,94.92
25.02.2023,Slovakia,BZN SK,17:00 - 18:00,,123.4
25.02.2023,Slovakia,BZN SK,18:00 - 19:00,,140.43
25.02.2023,Slovakia,BZN SK,19:00 - 20:00,,133.27
25.02.2023,Slovakia,BZN SK,20:00 - 21:00,,116.91
25.02.2023,Slovakia,BZN SK,21:00 - 22:00,,102.94
25.02.2023,Slovakia,BZN SK,22:00 - 23:00,,113.09
25.02.2023,Slovakia,BZN SK,23:00 - 00:00,,109.17
25.02.2023,Slovakia,BZN CZ-DE-SK,00:00 - 01:00,,
25.02.2023,Slovakia,BZN CZ-DE-SK,01:00 - 02:00,,
25.02.2023,Slovakia,BZN CZ-DE-SK,02:00 - 03:00,,
25.02.2023,Slovakia,BZN CZ-DE-SK,03:00 - 04:00,,
25.02.2023,Slovakia,BZN CZ-DE-SK,04:00 - 05:00,,
25.02.2023,Slovakia,BZN CZ-DE-SK,05:00 - 06:00,,
25.02.2023,Slovakia,BZN CZ-DE-SK,06:00 - 07:00,,
25.02.2023,Slovakia,BZN CZ-DE-SK,07:00 - 08:00,,
25.02.2023,Slovakia,BZN CZ-DE-SK,08:00 - 09:00,,
25.02.2023,Slovakia,BZN CZ-DE-SK,09:00 - 10:00,,
25.02.2023,Slovakia,BZN CZ-DE-SK,10:00 - 11:00,,
25.02.2023,Slovakia,BZN CZ-DE-SK,11:00 - 12:00,,
25.02.2023,Slovakia,BZN CZ-DE-SK,12:00 - 13:00,,
25.02.2023,Slovakia,BZN CZ-DE-SK,13:00 - 14:00,,
25.02.2023,Slovakia,BZN CZ-DE-SK,14:00 - 15:00,,
25.02.2023,Slovakia,BZN CZ-DE-SK,15:00 - 16:00,,
25.02.2023,Slovakia,BZN CZ-DE-SK,16:00 - 17:00,,
25.02.2023,Slovakia,BZN CZ-DE-SK,17:00 - 18:00,,
25.02.2023,Slovakia,BZN CZ-DE-SK,18:00 - 19:00,,
25.02.2023,Slovakia,BZN CZ-DE-SK,19:00 - 20:00,,
25.02.2023,Slovakia,BZN CZ-DE-SK,20:00 - 21:00,,
25.02.2023,Slovakia,BZN CZ-DE-SK,21:00 - 22:00,,
25.02.2023,Slovakia,BZN CZ-DE-SK,22:00 - 23:00,,
25.02.2023,Slovakia,BZN CZ-DE-SK,23:00 - 00:00,,
25.02.2023,Slovenia,BZN SI,00:00 - 01:00,,98.27
25.02.2023,Slovenia,BZN SI,01:00 - 02:00,,97.21
25.02.2023,Slovenia,BZN SI,02:00 - 03:00,,86.84
25.02.2023,Slovenia,BZN SI,03:00 - 04:00,,82.35
25.02.2023,Slovenia,BZN SI,04:00 - 05:00,,90.18
25.02.2023,Slovenia,BZN SI,05:00 - 06:00,,84.95
25.02.2023,Slovenia,BZN SI,06:00 - 07:00,,87.49
25.02.2023,Slovenia,BZN SI,07:00 - 08:00,,96.22
25.02.2023,Slovenia,BZN SI,08:00 - 09:00,,102.68
25.02.2023,Slovenia,BZN SI,09:00 - 10:00,,105.39
25.02.2023,Slovenia,BZN SI,10:00 - 11:00,,101.43
25.02.2023,Slovenia,BZN SI,11:00 - 12:00,,82.35
25.02.2023,Slovenia,BZN SI,12:00 - 13:00,,75.49
25.02.2023,Slovenia,BZN SI,13:00 - 14:00,,86.82
25.02.2023,Slovenia,BZN SI,14:00 - 15:00,,77.29
25.02.2023,Slovenia,BZN SI,15:00 - 16:00,,87.74
25.02.2023,Slovenia,BZN SI,16:00 - 17:00,,101.29
25.02.2023,Slovenia,BZN SI,17:00 - 18:00,,124.58
25.02.2023,Slovenia,BZN SI,18:00 - 19:00,,144.05
25.02.2023,Slovenia,BZN SI,19:00 - 20:00,,139.78
25.02.2023,Slovenia,BZN SI,20:00 - 21:00,,125.73
25.02.2023,Slovenia,BZN SI,21:00 - 22:00,,112.08
25.02.2023,Slovenia,BZN SI,22:00 - 23:00,,120.82
25.02.2023,Slovenia,BZN SI,23:00 - 00:00,,116.09
25.02.2023,Spain,BZN ES,00:00 - 01:00,,158.44
25.02.2023,Spain,BZN ES,01:00 - 02:00,,145.3
25.02.2023,Spain,BZN ES,02:00 - 03:00,,141.9
25.02.2023,Spain,BZN ES,03:00 - 04:00,,133.0
25.02.2023,Spain,BZN ES,04:00 - 05:00,,135.0
25.02.2023,Spain,BZN ES,05:00 - 06:00,,130.86
25.02.2023,Spain,BZN ES,06:00 - 07:00,,135.04
25.02.2023,Spain,BZN ES,07:00 - 08:00,,150.43
25.02.2023,Spain,BZN ES,08:00 - 09:00,,153.98
25.02.2023,Spain,BZN ES,09:00 - 10:00,,157.5
25.02.2023,Spain,BZN ES,10:00 - 11:00,,152.32
25.02.2023,Spain,BZN ES,11:00 - 12:00,,146.96
25.02.2023,Spain,BZN ES,12:00 - 13:00,,144.51
25.02.2023,Spain,BZN ES,13:00 - 14:00,,129.99
25.02.2023,Spain,BZN ES,14:00 - 15:00,,121.18
25.02.2023,Spain,BZN ES,15:00 - 16:00,,117.93
25.02.2023,Spain,BZN ES,16:00 - 17:00,,119.56
25.02.2023,Spain,BZN ES,17:00 - 18:00,,133.0
25.02.2023,Spain,BZN ES,18:00 - 19:00,,153.92
25.02.2023,Spain,BZN ES,19:00 - 20:00,,163.34
25.02.2023,Spain,BZN ES,20:00 - 21:00,,160.22
25.02.2023,Spain,BZN ES,21:00 - 22:00,,155.22
25.02.2023,Spain,BZN ES,22:00 - 23:00,,149.3
25.02.2023,Spain,BZN ES,23:00 - 00:00,,145.44
25.02.2023,Sweden,BZN SE1,00:00 - 01:00,,25.22
25.02.2023,Sweden,BZN SE1,01:00 - 02:00,,23.84
25.02.2023,Sweden,BZN SE1,02:00 - 03:00,,23.34
25.02.2023,Sweden,BZN SE1,03:00 - 04:00,,23.11
25.02.2023,Sweden,BZN SE1,04:00 - 05:00,,23.28
25.02.2023,Sweden,BZN SE1,05:00 - 06:00,,23.74
25.02.2023,Sweden,BZN SE1,06:00 - 07:00,,24.42
25.02.2023,Sweden,BZN SE1,07:00 - 08:00,,28.0
25.02.2023,Sweden,BZN SE1,08:00 - 09:00,,32.89
25.02.2023,Sweden,BZN SE1,09:00 - 10:00,,34.0
25.02.2023,Sweden,BZN SE1,10:00 - 11:00,,33.04
25.02.2023,Sweden,BZN SE1,11:00 - 12:00,,32.93
25.02.2023,Sweden,BZN SE1,12:00 - 13:00,,30.97
25.02.2023,Sweden,BZN SE1,13:00 - 14:00,,30.37
25.02.2023,Sweden,BZN SE1,14:00 - 15:00,,29.48
25.02.2023,Sweden,BZN SE1,15:00 - 16:00,,29.32
25.02.2023,Sweden,BZN SE1,16:00 - 17:00,,30.78
25.02.2023,Sweden,BZN SE1,17:00 - 18:00,,36.04
25.02.2023,Sweden,BZN SE1,18:00 - 19:00,,35.72
25.02.2023,Sweden,BZN SE1,19:00 - 20:00,,34.23
25.02.2023,Sweden,BZN SE1,20:00 - 21:00,,31.4
25.02.2023,Sweden,BZN SE1,21:00 - 22:00,,29.96
25.02.2023,Sweden,BZN SE1,22:00 - 23:00,,29.44
25.02.2023,Sweden,BZN SE1,23:00 - 00:00,,29.35
25.02.2023,Sweden,BZN SE2,00:00 - 01:00,,25.22
25.02.2023,Sweden,BZN SE2,01:00 - 02:00,,23.84
25.02.2023,Sweden,BZN SE2,02:00 - 03:00,,23.34
25.02.2023,Sweden,BZN SE2,03:00 - 04:00,,23.11
25.02.2023,Sweden,BZN SE2,04:00 - 05:00,,23.28
25.02.2023,Sweden,BZN SE2,05:00 - 06:00,,23.74
25.02.2023,Sweden,BZN SE2,06:00 - 07:00,,24.42
25.02.2023,Sweden,BZN SE2,07:00 - 08:00,,28.0
25.02.2023,Sweden,BZN SE2,08:00 - 09:00,,32.89
25.02.2023,Sweden,BZN SE2,09:00 - 10:00,,34.0
25.02.2023,Sweden,BZN SE2,10:00 - 11:00,,33.04
25.02.2023,Sweden,BZN SE2,11:00 - 12:00,,32.93
25.02.2023,Sweden,BZN SE2,12:00 - 13:00,,30.97
25.02.2023,Sweden,BZN SE2,13:00 - 14:00,,30.37
25.02.2023,Sweden,BZN SE2,14:00 - 15:00,,29.48
25.02.2023,Sweden,BZN SE2,15:00 - 16:00,,29.32
25.02.2023,Sweden,BZN SE2,16:00 - 17:00,,30.78
25.02.2023,Sweden,BZN SE2,17:00 - 18:00,,36.04
25.02.2023,Sweden,BZN SE2,18:00 - 19:00,,35.72
25.02.2023,Sweden,BZN SE2,19:00 - 20:00,,34.23
25.02.2023,Sweden,BZN SE2,20:00 - 21:00,,31.4
25.02.2023,Sweden,BZN SE2,21:00 - 22:00,,29.96
25.02.2023,Sweden,BZN SE2,22:00 - 23:00,,29.44
25.02.2023,Sweden,BZN SE2,23:00 - 00:00,,29.35
25.02.2023,Sweden,BZN SE3,00:00 - 01:00,,25.22
25.02.2023,Sweden,BZN SE3,01:00 - 02:00,,23.84
25.02.2023,Sweden,BZN SE3,02:00 - 03:00,,23.34
25.02.2023,Sweden,BZN SE3,03:00 - 04:00,,23.11
25.02.2023,Sweden,BZN SE3,04:00 - 05:00,,23.28
25.02.2023,Sweden,BZN SE3,05:00 - 06:00,,23.74
25.02.2023,Sweden,BZN SE3,06:00 - 07:00,,24.42
25.02.2023,Sweden,BZN SE3,07:00 - 08:00,,28.0
25.02.2023,Sweden,BZN SE3,08:00 - 09:00,,32.89
25.02.2023,Sweden,BZN SE3,09:00 - 10:00,,34.0
25.02.2023,Sweden,BZN SE3,10:00 - 11:00,,33.04
25.02.2023,Sweden,BZN SE3,11:00 - 12:00,,32.93
25.02.2023,Sweden,BZN SE3,12:00 - 13:00,,30.97
25.02.2023,Sweden,BZN SE3,13:00 - 14:00,,30.37
25.02.2023,Sweden,BZN SE3,14:00 - 15:00,,29.48
25.02.2023,Sweden,BZN SE3,15:00 - 16:00,,29.32
25.02.2023,Sweden,BZN SE3,16:00 - 17:00,,30.78
25.02.2023,Sweden,BZN SE3,17:00 - 18:00,,36.04
25.02.2023,Sweden,BZN SE3,18:00 - 19:00,,60.94
25.02.2023,Sweden,BZN SE3,19:00 - 20:00,,36.03
25.02.2023,Sweden,BZN SE3,20:00 - 21:00,,31.4
25.02.2023,Sweden,BZN SE3,21:00 - 22:00,,29.96
25.02.2023,Sweden,BZN SE3,22:00 - 23:00,,29.44
25.02.2023,Sweden,BZN SE3,23:00 - 00:00,,29.35
25.02.2023,Sweden,BZN SE4,00:00 - 01:00,,25.22
25.02.2023,Sweden,BZN SE4,01:00 - 02:00,,23.84
25.02.2023,Sweden,BZN SE4,02:00 - 03:00,,23.34
25.02.2023,Sweden,BZN SE4,03:00 - 04:00,,23.11
25.02.2023,Sweden,BZN SE4,04:00 - 05:00,,23.28
25.02.2023,Sweden,BZN SE4,05:00 - 06:00,,23.74
25.02.2023,Sweden,BZN SE4,06:00 - 07:00,,24.42
25.02.2023,Sweden,BZN SE4,07:00 - 08:00,,28.0
25.02.2023,Sweden,BZN SE4,08:00 - 09:00,,32.89
25.02.2023,Sweden,BZN SE4,09:00 - 10:00,,34.0
25.02.2023,Sweden,BZN SE4,10:00 - 11:00,,33.04
25.02.2023,Sweden,BZN SE4,11:00 - 12:00,,32.93
25.02.2023,Sweden,BZN SE4,12:00 - 13:00,,30.97
25.02.2023,Sweden,BZN SE4,13:00 - 14:00,,30.37
25.02.2023,Sweden,BZN SE4,14:00 - 15:00,,29.48
25.02.2023,Sweden,BZN SE4,15:00 - 16:00,,29.32
25.02.2023,Sweden,BZN SE4,16:00 - 17:00,,30.78
25.02.2023,Sweden,BZN SE4,17:00 - 18:00,,36.04
25.02.2023,Sweden,BZN SE4,18:00 - 19:00,,60.94
25.02.2023,Sweden,BZN SE4,19:00 - 20:00,,36.03
25.02.2023,Sweden,BZN SE4,20:00 - 21:00,,31.4
25.02.2023,Sweden,BZN SE4,21:00 - 22:00,,29.96
25.02.2023,Sweden,BZN SE4,22:00 - 23:00,,29.44
25.02.2023,Sweden,BZN SE4,23:00 - 00:00,,29.35
25.02.2023,Switzerland,BZN CH,00:00 - 01:00,,149.93
25.02.2023,Switzerland,BZN CH,01:00 - 02:00,,145.64
25.02.2023,Switzerland,BZN CH,02:00 - 03:00,,140.63
25.02.2023,Switzerland,BZN CH,03:00 - 04:00,,134.18
25.02.2023,Switzerland,BZN CH,04:00 - 05:00,,133.32
25.02.2023,Switzerland,BZN CH,05:00 - 06:00,,133.51
25.02.2023,Switzerland,BZN CH,06:00 - 07:00,,135.11
25.02.2023,Switzerland,BZN CH,07:00 - 08:00,,139.85
25.02.2023,Switzerland,BZN CH,08:00 - 09:00,,144.48
25.02.2023,Switzerland,BZN CH,09:00 - 10:00,,147.95
25.02.2023,Switzerland,BZN CH,10:00 - 11:00,,144.04
25.02.2023,Switzerland,BZN CH,11:00 - 12:00,,139.04
25.02.2023,Switzerland,BZN CH,12:00 - 13:00,,132.66
25.02.2023,Switzerland,BZN CH,13:00 - 14:00,,125.75
25.02.2023,Switzerland,BZN CH,14:00 - 15:00,,123.19
25.02.2023,Switzerland,BZN CH,15:00 - 16:00,,129.47
25.02.2023,Switzerland,BZN CH,16:00 - 17:00,,134.72
25.02.2023,Switzerland,BZN CH,17:00 - 18:00,,134.77
25.02.2023,Switzerland,BZN CH,18:00 - 19:00,,155.65
25.02.2023,Switzerland,BZN CH,19:00 - 20:00,,162.29
25.02.2023,Switzerland,BZN CH,20:00 - 21:00,,158.63
25.02.2023,Switzerland,BZN CH,21:00 - 22:00,,150.06
25.02.2023,Switzerland,BZN CH,22:00 - 23:00,,144.08
25.02.2023,Switzerland,BZN CH,23:00 - 00:00,,136.55
25.02.2023,Turkey,BZN TR,00:00 - 01:00,,
25.02.2023,Turkey,BZN TR,01:00 - 02:00,,
25.02.2023,Turkey,BZN TR,02:00 - 03:00,,
25.02.2023,Turkey,BZN TR,03:00 - 04:00,,
25.02.2023,Turkey,BZN TR,04:00 - 05:00,,
25.02.2023,Turkey,BZN TR,05:00 - 06:00,,
25.02.2023,Turkey,BZN TR,06:00 - 07:00,,
25.02.2023,Turkey,BZN TR,07:00 - 08:00,,
25.02.2023,Turkey,BZN TR,08:00 - 09:00,,
25.02.2023,Turkey,BZN TR,09:00 - 10:00,,
25.02.2023,Turkey,BZN TR,10:00 - 11:00,,
25.02.2023,Turkey,BZN TR,11:00 - 12:00,,
25.02.2023,Turkey,BZN TR,12:00 - 13:00,,
25.02.2023,Turkey,BZN TR,13:00 - 14:00,,
25.02.2023,Turkey,BZN TR,14:00 - 15:00,,
25.02.2023,Turkey,BZN TR,15:00 - 16:00,,
25.02.2023,Turkey,BZN TR,16:00 - 17:00,,
25.02.2023,Turkey,BZN TR,17:00 - 18:00,,
25.02.2023,Turkey,BZN TR,18:00 - 19:00,,
25.02.2023,Turkey,BZN TR,19:00 - 20:00,,
25.02.2023,Turkey,BZN TR,20:00 - 21:00,,
25.02.2023,Turkey,BZN TR,21:00 - 22:00,,
25.02.2023,Turkey,BZN TR,22:00 - 23:00,,
25.02.2023,Turkey,BZN TR,23:00 - 00:00,,
25.02.2023,Ukraine,BZN UA-BEI,00:00 - 01:00,,
25.02.2023,Ukraine,BZN UA-BEI,01:00 - 02:00,,
25.02.2023,Ukraine,BZN UA-BEI,02:00 - 03:00,,
25.02.2023,Ukraine,BZN UA-BEI,03:00 - 04:00,,
25.02.2023,Ukraine,BZN UA-BEI,04:00 - 05:00,,
25.02.2023,Ukraine,BZN UA-BEI,05:00 - 06:00,,
25.02.2023,Ukraine,BZN UA-BEI,06:00 - 07:00,,
25.02.2023,Ukraine,BZN UA-BEI,07:00 - 08:00,,
25.02.2023,Ukraine,BZN UA-BEI,08:00 - 09:00,,
25.02.2023,Ukraine,BZN UA-BEI,09:00 - 10:00,,
25.02.2023,Ukraine,BZN UA-BEI,10:00 - 11:00,,
25.02.2023,Ukraine,BZN UA-BEI,11:00 - 12:00,,
25.02.2023,Ukraine,BZN UA-BEI,12:00 - 13:00,,
25.02.2023,Ukraine,BZN UA-BEI,13:00 - 14:00,,
25.02.2023,Ukraine,BZN UA-BEI,14:00 - 15:00,,
25.02.2023,Ukraine,BZN UA-BEI,15:00 - 16:00,,
25.02.2023,Ukraine,BZN UA-BEI,16:00 - 17:00,,
25.02.2023,Ukraine,BZN UA-BEI,17:00 - 18:00,,
25.02.2023,Ukraine,BZN UA-BEI,18:00 - 19:00,,
25.02.2023,Ukraine,BZN UA-BEI,19:00 - 20:00,,
25.02.2023,Ukraine,BZN UA-BEI,20:00 - 21:00,,
25.02.2023,Ukraine,BZN UA-BEI,21:00 - 22:00,,
25.02.2023,Ukraine,BZN UA-BEI,22:00 - 23:00,,
25.02.2023,Ukraine,BZN UA-BEI,23:00 - 00:00,,
25.02.2023,Ukraine,BZN UA-IPS,00:00 - 01:00,,
25.02.2023,Ukraine,BZN UA-IPS,01:00 - 02:00,,
25.02.2023,Ukraine,BZN UA-IPS,02:00 - 03:00,,
25.02.2023,Ukraine,BZN UA-IPS,03:00 - 04:00,,
25.02.2023,Ukraine,BZN UA-IPS,04:00 - 05:00,,
25.02.2023,Ukraine,BZN UA-IPS,05:00 - 06:00,,
25.02.2023,Ukraine,BZN UA-IPS,06:00 - 07:00,,
25.02.2023,Ukraine,BZN UA-IPS,07:00 - 08:00,,
25.02.2023,Ukraine,BZN UA-IPS,08:00 - 09:00,,
25.02.2023,Ukraine,BZN UA-IPS,09:00 - 10:00,,
25.02.2023,Ukraine,BZN UA-IPS,10:00 - 11:00,,
25.02.2023,Ukraine,BZN UA-IPS,11:00 - 12:00,,
25.02.2023,Ukraine,BZN UA-IPS,12:00 - 13:00,,
25.02.2023,Ukraine,BZN UA-IPS,13:00 - 14:00,,
25.02.2023,Ukraine,BZN UA-IPS,14:00 - 15:00,,
25.02.2023,Ukraine,BZN UA-IPS,15:00 - 16:00,,
25.02.2023,Ukraine,BZN UA-IPS,16:00 - 17:00,,
25.02.2023,Ukraine,BZN UA-IPS,17:00 - 18:00,,
25.02.2023,Ukraine,BZN UA-IPS,18:00 - 19:00,,
25.02.2023,Ukraine,BZN UA-IPS,19:00 - 20:00,,
25.02.2023,Ukraine,BZN UA-IPS,20:00 - 21:00,,
25.02.2023,Ukraine,BZN UA-IPS,21:00 - 22:00,,
25.02.2023,Ukraine,BZN UA-IPS,22:00 - 23:00,,
25.02.2023,Ukraine,BZN UA-IPS,23:00 - 00:00,,
25.02.2023,Ukraine,BZN UA,00:00 - 01:00,,
25.02.2023,Ukraine,BZN UA,01:00 - 02:00,,
25.02.2023,Ukraine,BZN UA,02:00 - 03:00,,
25.02.2023,Ukraine,BZN UA,03:00 - 04:00,,
25.02.2023,Ukraine,BZN UA,04:00 - 05:00,,
25.02.2023,Ukraine,BZN UA,05:00 - 06:00,,
25.02.2023,Ukraine,BZN UA,06:00 - 07:00,,
25.02.2023,Ukraine,BZN UA,07:00 - 08:00,,
25.02.2023,Ukraine,BZN UA,08:00 - 09:00,,
25.02.2023,Ukraine,BZN UA,09:00 - 10:00,,
25.02.2023,Ukraine,BZN UA,10:00 - 11:00,,
25.02.2023,Ukraine,BZN UA,11:00 - 12:00,,
25.02.2023,Ukraine,BZN UA,12:00 - 13:00,,
25.02.2023,Ukraine,BZN UA,13:00 - 14:00,,
25.02.2023,Ukraine,BZN UA,14:00 - 15:00,,
25.02.2023,Ukraine,BZN UA,15:00 - 16:00,,
25.02.2023,Ukraine,BZN UA,16:00 - 17:00,,
25.02.2023,Ukraine,BZN UA,17:00 - 18:00,,
25.02.2023,Ukraine,BZN UA,18:00 - 19:00,,
25.02.2023,Ukraine,BZN UA,19:00 - 20:00,,
25.02.2023,Ukraine,BZN UA,20:00 - 21:00,,
25.02.2023,Ukraine,BZN UA,21:00 - 22:00,,
25.02.2023,Ukraine,BZN UA,22:00 - 23:00,,
25.02.2023,Ukraine,BZN UA,23:00 - 00:00,,
25.02.2023,Ukraine,BZN UA-DobTPP,00:00 - 01:00,,
25.02.2023,Ukraine,BZN UA-DobTPP,01:00 - 02:00,,
25.02.2023,Ukraine,BZN UA-DobTPP,02:00 - 03:00,,
25.02.2023,Ukraine,BZN UA-DobTPP,03:00 - 04:00,,
25.02.2023,Ukraine,BZN UA-DobTPP,04:00 - 05:00,,
25.02.2023,Ukraine,BZN UA-DobTPP,05:00 - 06:00,,
25.02.2023,Ukraine,BZN UA-DobTPP,06:00 - 07:00,,
25.02.2023,Ukraine,BZN UA-DobTPP,07:00 - 08:00,,
25.02.2023,Ukraine,BZN UA-DobTPP,08:00 - 09:00,,
25.02.2023,Ukraine,BZN UA-DobTPP,09:00 - 10:00,,
25.02.2023,Ukraine,BZN UA-DobTPP,10:00 - 11:00,,
25.02.2023,Ukraine,BZN UA-DobTPP,11:00 - 12:00,,
25.02.2023,Ukraine,BZN UA-DobTPP,12:00 - 13:00,,
25.02.2023,Ukraine,BZN UA-DobTPP,13:00 - 14:00,,
25.02.2023,Ukraine,BZN UA-DobTPP,14:00 - 15:00,,
25.02.2023,Ukraine,BZN UA-DobTPP,15:00 - 16:00,,
25.02.2023,Ukraine,BZN UA-DobTPP,16:00 - 17:00,,
25.02.2023,Ukraine,BZN UA-DobTPP,17:00 - 18:00,,
25.02.2023,Ukraine,BZN UA-DobTPP,18:00 - 19:00,,
25.02.2023,Ukraine,BZN UA-DobTPP,19:00 - 20:00,,
25.02.2023,Ukraine,BZN UA-DobTPP,20:00 - 21:00,,
25.02.2023,Ukraine,BZN UA-DobTPP,21:00 - 22:00,,
25.02.2023,Ukraine,BZN UA-DobTPP,22:00 - 23:00,,
25.02.2023,Ukraine,BZN UA-DobTPP,23:00 - 00:00,,
25.02.2023,United Kingdom,BZN GB,00:00 - 01:00,,
25.02.2023,United Kingdom,BZN GB,01:00 - 02:00,,
25.02.2023,United Kingdom,BZN GB,02:00 - 03:00,,
25.02.2023,United Kingdom,BZN GB,03:00 - 04:00,,
25.02.2023,United Kingdom,BZN GB,04:00 - 05:00,,
25.02.2023,United Kingdom,BZN GB,05:00 - 06:00,,
25.02.2023,United Kingdom,BZN GB,06:00 - 07:00,,
25.02.2023,United Kingdom,BZN GB,07:00 - 08:00,,
25.02.2023,United Kingdom,BZN GB,08:00 - 09:00,,
25.02.2023,United Kingdom,BZN GB,09:00 - 10:00,,
25.02.2023,United Kingdom,BZN GB,10:00 - 11:00,,
25.02.2023,United Kingdom,BZN GB,11:00 - 12:00,,
25.02.2023,United Kingdom,BZN GB,12:00 - 13:00,,
25.02.2023,United Kingdom,BZN GB,13:00 - 14:00,,
25.02.2023,United Kingdom,BZN GB,14:00 - 15:00,,
25.02.2023,United Kingdom,BZN GB,15:00 - 16:00,,
25.02.2023,United Kingdom,BZN GB,16:00 - 17:00,,
25.02.2023,United Kingdom,BZN GB,17:00 - 18:00,,
25.02.2023,United Kingdom,BZN GB,18:00 - 19:00,,
25.02.2023,United Kingdom,BZN GB,19:00 - 20:00,,
25.02.2023,United Kingdom,BZN GB,20:00 - 21:00,,
25.02.2023,United Kingdom,BZN GB,21:00 - 22:00,,
25.02.2023,United Kingdom,BZN GB,22:00 - 23:00,,
25.02.2023,United Kingdom,BZN GB,23:00 - 00:00,,
25.02.2023,United Kingdom,BZN GB(ElecLink),00:00 - 01:00,,
25.02.2023,United Kingdom,BZN GB(ElecLink),01:00 - 02:00,,
25.02.2023,United Kingdom,BZN GB(ElecLink),02:00 - 03:00,,
25.02.2023,United Kingdom,BZN GB(ElecLink),03:00 - 04:00,,
25.02.2023,United Kingdom,BZN GB(ElecLink),04:00 - 05:00,,
25.02.2023,United Kingdom,BZN GB(ElecLink),05:00 - 06:00,,
25.02.2023,United Kingdom,BZN GB(ElecLink),06:00 - 07:00,,
25.02.2023,United Kingdom,BZN GB(ElecLink),07:00 - 08:00,,
25.02.2023,United Kingdom,BZN GB(ElecLink),08:00 - 09:00,,
25.02.2023,United Kingdom,BZN GB(ElecLink),09:00 - 10:00,,
25.02.2023,United Kingdom,BZN GB(ElecLink),10:00 - 11:00,,
25.02.2023,United Kingdom,BZN GB(ElecLink),11:00 - 12:00,,
25.02.2023,United Kingdom,BZN GB(ElecLink),12:00 - 13:00,,
25.02.2023,United Kingdom,BZN GB(ElecLink),13:00 - 14:00,,
25.02.2023,United Kingdom,BZN GB(ElecLink),14:00 - 15:00,,
25.02.2023,United Kingdom,BZN GB(ElecLink),15:00 - 16:00,,
25.02.2023,United Kingdom,BZN GB(ElecLink),16:00 - 17:00,,
25.02.2023,United Kingdom,BZN GB(ElecLink),17:00 - 18:00,,
25.02.2023,United Kingdom,BZN GB(ElecLink),18:00 - 19:00,,
25.02.2023,United Kingdom,BZN GB(ElecLink),19:00 - 20:00,,
25.02.2023,United Kingdom,BZN GB(ElecLink),20:00 - 21:00,,
25.02.2023,United Kingdom,BZN GB(ElecLink),21:00 - 22:00,,
25.02.2023,United Kingdom,BZN GB(ElecLink),22:00 - 23:00,,
25.02.2023,United Kingdom,BZN GB(ElecLink),23:00 - 00:00,,
25.02.2023,United Kingdom,BZN GB(IFA),00:00 - 01:00,,
25.02.2023,United Kingdom,BZN GB(IFA),01:00 - 02:00,,
25.02.2023,United Kingdom,BZN GB(IFA),02:00 - 03:00,,
25.02.2023,United Kingdom,BZN GB(IFA),03:00 - 04:00,,
25.02.2023,United Kingdom,BZN GB(IFA),04:00 - 05:00,,
25.02.2023,United Kingdom,BZN GB(IFA),05:00 - 06:00,,
25.02.2023,United Kingdom,BZN GB(IFA),06:00 - 07:00,,
25.02.2023,United Kingdom,BZN GB(IFA),07:00 - 08:00,,
25.02.2023,United Kingdom,BZN GB(IFA),08:00 - 09:00,,
25.02.2023,United Kingdom,BZN GB(IFA),09:00 - 10:00,,
25.02.2023,United Kingdom,BZN GB(IFA),10:00 - 11:00,,
25.02.2023,United Kingdom,BZN GB(IFA),11:00 - 12:00,,
25.02.2023,United Kingdom,BZN GB(IFA),12:00 - 13:00,,
25.02.2023,United Kingdom,BZN GB(IFA),13:00 - 14:00,,
25.02.2023,United Kingdom,BZN GB(IFA),14:00 - 15:00,,
25.02.2023,United Kingdom,BZN GB(IFA),15:00 - 16:00,,
25.02.2023,United Kingdom,BZN GB(IFA),16:00 - 17:00,,
25.02.2023,United Kingdom,BZN GB(IFA),17:00 - 18:00,,
25.02.2023,United Kingdom,BZN GB(IFA),18:00 - 19:00,,
25.02.2023,United Kingdom,BZN GB(IFA),19:00 - 20:00,,
25.02.2023,United Kingdom,BZN GB(IFA),20:00 - 21:00,,
25.02.2023,United Kingdom,BZN GB(IFA),21:00 - 22:00,,
25.02.2023,United Kingdom,BZN GB(IFA),22:00 - 23:00,,
25.02.2023,United Kingdom,BZN GB(IFA),23:00 - 00:00,,
25.02.2023,United Kingdom,BZN GB(IFA2),00:00 - 01:00,,
25.02.2023,United Kingdom,BZN GB(IFA2),01:00 - 02:00,,
25.02.2023,United Kingdom,BZN GB(IFA2),02:00 - 03:00,,
25.02.2023,United Kingdom,BZN GB(IFA2),03:00 - 04:00,,
25.02.2023,United Kingdom,BZN GB(IFA2),04:00 - 05:00,,
25.02.2023,United Kingdom,BZN GB(IFA2),05:00 - 06:00,,
25.02.2023,United Kingdom,BZN GB(IFA2),06:00 - 07:00,,
25.02.2023,United Kingdom,BZN GB(IFA2),07:00 - 08:00,,
25.02.2023,United Kingdom,BZN GB(IFA2),08:00 - 09:00,,
25.02.2023,United Kingdom,BZN GB(IFA2),09:00 - 10:00,,
25.02.2023,United Kingdom,BZN GB(IFA2),10:00 - 11:00,,
25.02.2023,United Kingdom,BZN GB(IFA2),11:00 - 12:00,,
25.02.2023,United Kingdom,BZN GB(IFA2),12:00 - 13:00,,
25.02.2023,United Kingdom,BZN GB(IFA2),13:00 - 14:00,,
25.02.2023,United Kingdom,BZN GB(IFA2),14:00 - 15:00,,
25.02.2023,United Kingdom,BZN GB(IFA2),15:00 - 16:00,,
25.02.2023,United Kingdom,BZN GB(IFA2),16:00 - 17:00,,
25.02.2023,United Kingdom,BZN GB(IFA2),17:00 - 18:00,,
25.02.2023,United Kingdom,BZN GB(IFA2),18:00 - 19:00,,
25.02.2023,United Kingdom,BZN GB(IFA2),19:00 - 20:00,,
25.02.2023,United Kingdom,BZN GB(IFA2),20:00 - 21:00,,
25.02.2023,United Kingdom,BZN GB(IFA2),21:00 - 22:00,,
25.02.2023,United Kingdom,BZN GB(IFA2),22:00 - 23:00,,
25.02.2023,United Kingdom,BZN GB(IFA2),23:00 - 00:00,,
