country,mtu,price(eur/mwh)
Austria,00:00 - 01:00,70.88
Austria,01:00 - 02:00,67.11
Austria,02:00 - 03:00,64.68
Austria,03:00 - 04:00,62.04
Austria,04:00 - 05:00,62.4
Austria,05:00 - 06:00,70.0
Austria,06:00 - 07:00,85.25
Austria,07:00 - 08:00,100.18
Austria,08:00 - 09:00,100.04
Austria,09:00 - 10:00,100.39
Austria,10:00 - 11:00,94.98
Austria,11:00 - 12:00,90.27
Austria,12:00 - 13:00,84.53
Austria,13:00 - 14:00,83.71
Austria,14:00 - 15:00,87.41
Austria,15:00 - 16:00,93.82
Austria,16:00 - 17:00,100.66
Austria,17:00 - 18:00,107.17
Austria,18:00 - 19:00,112.97
Austria,19:00 - 20:00,111.68
Austria,20:00 - 21:00,104.0
Austria,21:00 - 22:00,94.31
Austria,22:00 - 23:00,91.86
Austria,23:00 - 00:00,87.97
Belgium,00:00 - 01:00,83.8
Belgium,01:00 - 02:00,76.83
Belgium,02:00 - 03:00,69.0
Belgium,03:00 - 04:00,62.04
Belgium,04:00 - 05:00,62.07
Belgium,05:00 - 06:00,69.36
Belgium,06:00 - 07:00,80.51
Belgium,07:00 - 08:00,85.26
Belgium,08:00 - 09:00,99.4
Belgium,09:00 - 10:00,100.31
Belgium,10:00 - 11:00,94.9
Belgium,11:00 - 12:00,90.33
Belgium,12:00 - 13:00,86.84
Belgium,13:00 - 14:00,82.27
Belgium,14:00 - 15:00,84.73
Belgium,15:00 - 16:00,89.75
Belgium,16:00 - 17:00,97.76
Belgium,17:00 - 18:00,106.57
Belgium,18:00 - 19:00,112.82
Belgium,19:00 - 20:00,116.12
Belgium,20:00 - 21:00,111.01
Belgium,21:00 - 22:00,105.45
Belgium,22:00 - 23:00,102.32
Belgium,23:00 - 00:00,93.99
Bulgaria,00:00 - 01:00,70.49
Bulgaria,01:00 - 02:00,66.78
Bulgaria,02:00 - 03:00,64.57
Bulgaria,03:00 - 04:00,62.04
Bulgaria,04:00 - 05:00,62.72
Bulgaria,05:00 - 06:00,84.9
Bulgaria,06:00 - 07:00,122.0
Bulgaria,07:00 - 08:00,114.09
Bulgaria,08:00 - 09:00,122.0
Bulgaria,09:00 - 10:00,104.93
Bulgaria,10:00 - 11:00,99.86
Bulgaria,11:00 - 12:00,90.27
Bulgaria,12:00 - 13:00,88.91
Bulgaria,13:00 - 14:00,90.78
Bulgaria,14:00 - 15:00,99.7
Bulgaria,15:00 - 16:00,98.07
Bulgaria,16:00 - 17:00,105.26
Bulgaria,17:00 - 18:00,113.95
Bulgaria,18:00 - 19:00,114.62
Bulgaria,19:00 - 20:00,113.79
Bulgaria,20:00 - 21:00,103.7
Bulgaria,21:00 - 22:00,93.92
Bulgaria,22:00 - 23:00,91.42
Bulgaria,23:00 - 00:00,87.74
Croatia,00:00 - 01:00,70.93
Croatia,01:00 - 02:00,67.11
Croatia,02:00 - 03:00,64.69
Croatia,03:00 - 04:00,62.04
Croatia,04:00 - 05:00,62.58
Croatia,05:00 - 06:00,72.79
Croatia,06:00 - 07:00,92.54
Croatia,07:00 - 08:00,109.61
Croatia,08:00 - 09:00,103.38
Croatia,09:00 - 10:00,101.09
Croatia,10:00 - 11:00,95.73
Croatia,11:00 - 12:00,90.27
Croatia,12:00 - 13:00,85.15
Croatia,13:00 - 14:00,85.27
Croatia,14:00 - 15:00,90.22
Croatia,15:00 - 16:00,96.13
Croatia,16:00 - 17:00,103.15
Croatia,17:00 - 18:00,110.72
Croatia,18:00 - 19:00,113.84
Croatia,19:00 - 20:00,112.87
Croatia,20:00 - 21:00,103.95
Croatia,21:00 - 22:00,94.28
Croatia,22:00 - 23:00,91.79
Croatia,23:00 - 00:00,87.97
Czech Rep.,00:00 - 01:00,69.81
Czech Rep.,01:00 - 02:00,66.37
Czech Rep.,02:00 - 03:00,64.41
Czech Rep.,03:00 - 04:00,62.04
Czech Rep.,04:00 - 05:00,62.36
Czech Rep.,05:00 - 06:00,69.59
Czech Rep.,06:00 - 07:00,87.06
Czech Rep.,07:00 - 08:00,102.0
Czech Rep.,08:00 - 09:00,99.39
Czech Rep.,09:00 - 10:00,100.25
Czech Rep.,10:00 - 11:00,94.83
Czech Rep.,11:00 - 12:00,90.27
Czech Rep.,12:00 - 13:00,84.19
Czech Rep.,13:00 - 14:00,83.42
Czech Rep.,14:00 - 15:00,86.9
Czech Rep.,15:00 - 16:00,93.45
Czech Rep.,16:00 - 17:00,100.0
Czech Rep.,17:00 - 18:00,105.62
Czech Rep.,18:00 - 19:00,112.59
Czech Rep.,19:00 - 20:00,110.75
Czech Rep.,20:00 - 21:00,103.39
Czech Rep.,21:00 - 22:00,93.32
Czech Rep.,22:00 - 23:00,90.94
Czech Rep.,23:00 - 00:00,87.48
Denmark,00:00 - 01:00,67.9
Denmark,01:00 - 02:00,65.0
Denmark,02:00 - 03:00,63.94
Denmark,03:00 - 04:00,62.04
Denmark,04:00 - 05:00,62.04
Denmark,05:00 - 06:00,69.25
Denmark,06:00 - 07:00,79.95
Denmark,07:00 - 08:00,83.84
Denmark,08:00 - 09:00,99.3
Denmark,09:00 - 10:00,100.29
Denmark,10:00 - 11:00,94.88
Denmark,11:00 - 12:00,90.26
Denmark,12:00 - 13:00,83.86
Denmark,13:00 - 14:00,82.15
Denmark,14:00 - 15:00,84.5
Denmark,15:00 - 16:00,89.44
Denmark,16:00 - 17:00,99.92
Denmark,17:00 - 18:00,109.08
Denmark,18:00 - 19:00,115.57
Denmark,19:00 - 20:00,110.66
Denmark,20:00 - 21:00,103.15
Denmark,21:00 - 22:00,92.95
Denmark,22:00 - 23:00,89.49
Denmark,23:00 - 00:00,86.43
Denmark,00:00 - 01:00,69.65
Denmark,01:00 - 02:00,66.05
Denmark,02:00 - 03:00,64.31
Denmark,03:00 - 04:00,62.04
Denmark,04:00 - 05:00,63.57
Denmark,05:00 - 06:00,70.57
Denmark,06:00 - 07:00,79.95
Denmark,07:00 - 08:00,83.84
Denmark,08:00 - 09:00,99.3
Denmark,09:00 - 10:00,100.29
Denmark,10:00 - 11:00,94.88
Denmark,11:00 - 12:00,90.26
Denmark,12:00 - 13:00,83.86
Denmark,13:00 - 14:00,82.15
Denmark,14:00 - 15:00,84.5
Denmark,15:00 - 16:00,89.44
Denmark,16:00 - 17:00,99.92
Denmark,17:00 - 18:00,109.08
Denmark,18:00 - 19:00,115.57
Denmark,19:00 - 20:00,110.66
Denmark,20:00 - 21:00,103.15
Denmark,21:00 - 22:00,92.95
Denmark,22:00 - 23:00,89.49
Denmark,23:00 - 00:00,86.43
Estonia,00:00 - 01:00,69.65
Estonia,01:00 - 02:00,66.05
Estonia,02:00 - 03:00,64.31
Estonia,03:00 - 04:00,62.04
Estonia,04:00 - 05:00,63.57
Estonia,05:00 - 06:00,70.57
Estonia,06:00 - 07:00,85.79
Estonia,07:00 - 08:00,113.52
Estonia,08:00 - 09:00,111.04
Estonia,09:00 - 10:00,128.06
Estonia,10:00 - 11:00,101.89
Estonia,11:00 - 12:00,129.02
Estonia,12:00 - 13:00,129.08
Estonia,13:00 - 14:00,129.08
Estonia,14:00 - 15:00,123.78
Estonia,15:00 - 16:00,108.28
Estonia,16:00 - 17:00,110.02
Estonia,17:00 - 18:00,109.08
Estonia,18:00 - 19:00,115.57
Estonia,19:00 - 20:00,110.66
Estonia,20:00 - 21:00,103.15
Estonia,21:00 - 22:00,92.95
Estonia,22:00 - 23:00,89.49
Estonia,23:00 - 00:00,86.43
Finland,00:00 - 01:00,69.65
Finland,01:00 - 02:00,66.05
Finland,02:00 - 03:00,64.31
Finland,03:00 - 04:00,62.04
Finland,04:00 - 05:00,63.57
Finland,05:00 - 06:00,70.57
Finland,06:00 - 07:00,85.79
Finland,07:00 - 08:00,113.52
Finland,08:00 - 09:00,111.04
Finland,09:00 - 10:00,128.06
Finland,10:00 - 11:00,101.89
Finland,11:00 - 12:00,129.02
Finland,12:00 - 13:00,129.08
Finland,13:00 - 14:00,129.08
Finland,14:00 - 15:00,123.78
Finland,15:00 - 16:00,108.28
Finland,16:00 - 17:00,110.02
Finland,17:00 - 18:00,109.08
Finland,18:00 - 19:00,115.57
Finland,19:00 - 20:00,110.66
Finland,20:00 - 21:00,103.15
Finland,21:00 - 22:00,92.95
Finland,22:00 - 23:00,89.49
Finland,23:00 - 00:00,86.43
France,00:00 - 01:00,77.7
France,01:00 - 02:00,72.07
France,02:00 - 03:00,66.82
France,03:00 - 04:00,62.04
France,04:00 - 05:00,62.1
France,05:00 - 06:00,69.46
France,06:00 - 07:00,81.1
France,07:00 - 08:00,86.74
France,08:00 - 09:00,99.52
France,09:00 - 10:00,100.33
France,10:00 - 11:00,94.92
France,11:00 - 12:00,90.3
France,12:00 - 13:00,85.7
France,13:00 - 14:00,82.41
France,14:00 - 15:00,84.99
France,15:00 - 16:00,90.1
France,16:00 - 17:00,98.03
France,17:00 - 18:00,106.7
France,18:00 - 19:00,112.85
France,19:00 - 20:00,113.9
France,20:00 - 21:00,107.58
France,21:00 - 22:00,100.0
France,22:00 - 23:00,97.21
France,23:00 - 00:00,91.0
Germany,00:00 - 01:00,67.9
Germany,01:00 - 02:00,65.0
Germany,02:00 - 03:00,63.94
Germany,03:00 - 04:00,62.04
Germany,04:00 - 05:00,62.04
Germany,05:00 - 06:00,69.25
Germany,06:00 - 07:00,79.95
Germany,07:00 - 08:00,83.84
Germany,08:00 - 09:00,99.3
Germany,09:00 - 10:00,100.29
Germany,10:00 - 11:00,94.88
Germany,11:00 - 12:00,90.26
Germany,12:00 - 13:00,83.86
Germany,13:00 - 14:00,82.15
Germany,14:00 - 15:00,84.5
Germany,15:00 - 16:00,89.44
Germany,16:00 - 17:00,97.52
Germany,17:00 - 18:00,106.46
Germany,18:00 - 19:00,112.8
Germany,19:00 - 20:00,110.38
Germany,20:00 - 21:00,102.42
Germany,21:00 - 22:00,91.78
Germany,22:00 - 23:00,89.49
Germany,23:00 - 00:00,86.43
Greece,00:00 - 01:00,70.49
Greece,01:00 - 02:00,66.78
Greece,02:00 - 03:00,64.57
Greece,03:00 - 04:00,62.04
Greece,04:00 - 05:00,62.72
Greece,05:00 - 06:00,84.9
Greece,06:00 - 07:00,122.0
Greece,07:00 - 08:00,114.09
Greece,08:00 - 09:00,122.0
Greece,09:00 - 10:00,104.93
Greece,10:00 - 11:00,99.86
Greece,11:00 - 12:00,90.27
Greece,12:00 - 13:00,88.91
Greece,13:00 - 14:00,90.78
Greece,14:00 - 15:00,99.7
Greece,15:00 - 16:00,98.07
Greece,16:00 - 17:00,105.26
Greece,17:00 - 18:00,113.95
Greece,18:00 - 19:00,114.62
Greece,19:00 - 20:00,113.79
Greece,20:00 - 21:00,103.7
Greece,21:00 - 22:00,93.92
Greece,22:00 - 23:00,91.42
Greece,23:00 - 00:00,87.74
Hungary,00:00 - 01:00,70.41
Hungary,01:00 - 02:00,66.73
Hungary,02:00 - 03:00,64.55
Hungary,03:00 - 04:00,62.04
Hungary,04:00 - 05:00,62.7
Hungary,05:00 - 06:00,70.21
Hungary,06:00 - 07:00,87.83
Hungary,07:00 - 08:00,115.97
Hungary,08:00 - 09:00,99.86
Hungary,09:00 - 10:00,100.28
Hungary,10:00 - 11:00,94.86
Hungary,11:00 - 12:00,90.27
Hungary,12:00 - 13:00,84.32
Hungary,13:00 - 14:00,84.91
Hungary,14:00 - 15:00,89.67
Hungary,15:00 - 16:00,97.8
Hungary,16:00 - 17:00,105.51
Hungary,17:00 - 18:00,115.51
Hungary,18:00 - 19:00,115.0
Hungary,19:00 - 20:00,114.28
Hungary,20:00 - 21:00,103.66
Hungary,21:00 - 22:00,93.87
Hungary,22:00 - 23:00,91.35
Hungary,23:00 - 00:00,87.75
Ireland,00:00 - 01:00,87.4
Ireland,01:00 - 02:00,83.79
Ireland,02:00 - 03:00,82.04
Ireland,03:00 - 04:00,77.43
Ireland,04:00 - 05:00,77.07
Ireland,05:00 - 06:00,77.43
Ireland,06:00 - 07:00,84.93
Ireland,07:00 - 08:00,91.53
Ireland,08:00 - 09:00,98.0
Ireland,09:00 - 10:00,101.9
Ireland,10:00 - 11:00,108.0
Ireland,11:00 - 12:00,106.84
Ireland,12:00 - 13:00,130.0
Ireland,13:00 - 14:00,137.43
Ireland,14:00 - 15:00,140.0
Ireland,15:00 - 16:00,140.0
Ireland,16:00 - 17:00,174.71
Ireland,17:00 - 18:00,245.0
Ireland,18:00 - 19:00,304.36
Ireland,19:00 - 20:00,284.23
Ireland,20:00 - 21:00,202.77
Ireland,21:00 - 22:00,169.14
Ireland,22:00 - 23:00,111.54
Ireland,23:00 - 00:00,97.0
Italy,00:00 - 01:00,85.5
Italy,01:00 - 02:00,83.4
Italy,02:00 - 03:00,84.1
Italy,03:00 - 04:00,83.4
Italy,04:00 - 05:00,83.4
Italy,05:00 - 06:00,84.9
Italy,06:00 - 07:00,102.52
Italy,07:00 - 08:00,110.03
Italy,08:00 - 09:00,122.0
Italy,09:00 - 10:00,119.59
Italy,10:00 - 11:00,106.21
Italy,11:00 - 12:00,103.0
Italy,12:00 - 13:00,95.0
Italy,13:00 - 14:00,90.78
Italy,14:00 - 15:00,99.7
Italy,15:00 - 16:00,103.76
Italy,16:00 - 17:00,110.0
Italy,17:00 - 18:00,116.13
Italy,18:00 - 19:00,115.0
Italy,19:00 - 20:00,113.9
Italy,20:00 - 21:00,107.58
Italy,21:00 - 22:00,104.31
Italy,22:00 - 23:00,101.68
Italy,23:00 - 00:00,91.39
Italy,00:00 - 01:00,85.5
Italy,01:00 - 02:00,83.4
Italy,02:00 - 03:00,84.1
Italy,03:00 - 04:00,83.4
Italy,04:00 - 05:00,83.4
Italy,05:00 - 06:00,84.9
Italy,06:00 - 07:00,102.52
Italy,07:00 - 08:00,110.03
Italy,08:00 - 09:00,122.0
Italy,09:00 - 10:00,119.59
Italy,10:00 - 11:00,106.21
Italy,11:00 - 12:00,103.91
Italy,12:00 - 13:00,96.02
Italy,13:00 - 14:00,96.2
Italy,14:00 - 15:00,99.7
Italy,15:00 - 16:00,104.54
Italy,16:00 - 17:00,110.0
Italy,17:00 - 18:00,116.13
Italy,18:00 - 19:00,115.0
Italy,19:00 - 20:00,113.9
Italy,20:00 - 21:00,107.58
Italy,21:00 - 22:00,104.31
Italy,22:00 - 23:00,101.68
Italy,23:00 - 00:00,91.39
Italy,00:00 - 01:00,85.5
Italy,01:00 - 02:00,83.4
Italy,02:00 - 03:00,84.1
Italy,03:00 - 04:00,83.4
Italy,04:00 - 05:00,83.4
Italy,05:00 - 06:00,84.9
Italy,06:00 - 07:00,102.52
Italy,07:00 - 08:00,110.03
Italy,08:00 - 09:00,122.0
Italy,09:00 - 10:00,119.59
Italy,10:00 - 11:00,106.21
Italy,11:00 - 12:00,103.0
Italy,12:00 - 13:00,95.0
Italy,13:00 - 14:00,90.78
Italy,14:00 - 15:00,99.7
Italy,15:00 - 16:00,104.54
Italy,16:00 - 17:00,110.0
Italy,17:00 - 18:00,116.13
Italy,18:00 - 19:00,115.0
Italy,19:00 - 20:00,113.9
Italy,20:00 - 21:00,107.58
Italy,21:00 - 22:00,104.31
Italy,22:00 - 23:00,101.68
Italy,23:00 - 00:00,91.39
Italy,00:00 - 01:00,85.5
Italy,01:00 - 02:00,83.4
Italy,02:00 - 03:00,84.1
Italy,03:00 - 04:00,83.4
Italy,04:00 - 05:00,83.4
Italy,05:00 - 06:00,84.9
Italy,06:00 - 07:00,102.52
Italy,07:00 - 08:00,110.03
Italy,08:00 - 09:00,122.0
Italy,09:00 - 10:00,119.59
Italy,10:00 - 11:00,106.21
Italy,11:00 - 12:00,103.91
Italy,12:00 - 13:00,96.02
Italy,13:00 - 14:00,96.2
Italy,14:00 - 15:00,99.7
Italy,15:00 - 16:00,104.54
Italy,16:00 - 17:00,110.0
Italy,17:00 - 18:00,116.13
Italy,18:00 - 19:00,115.0
Italy,19:00 - 20:00,113.9
Italy,20:00 - 21:00,107.58
Italy,21:00 - 22:00,104.31
Italy,22:00 - 23:00,101.68
Italy,23:00 - 00:00,91.39
Italy,00:00 - 01:00,85.5
Italy,01:00 - 02:00,83.4
Italy,02:00 - 03:00,84.1
Italy,03:00 - 04:00,83.4
Italy,04:00 - 05:00,83.4
Italy,05:00 - 06:00,84.9
Italy,06:00 - 07:00,102.52
Italy,07:00 - 08:00,110.03
Italy,08:00 - 09:00,122.0
Italy,09:00 - 10:00,119.59
Italy,10:00 - 11:00,106.21
Italy,11:00 - 12:00,103.0
Italy,12:00 - 13:00,95.0
Italy,13:00 - 14:00,90.78
Italy,14:00 - 15:00,99.7
Italy,15:00 - 16:00,104.54
Italy,16:00 - 17:00,110.0
Italy,17:00 - 18:00,116.13
Italy,18:00 - 19:00,115.0
Italy,19:00 - 20:00,113.9
Italy,20:00 - 21:00,107.58
Italy,21:00 - 22:00,104.31
Italy,22:00 - 23:00,101.68
Italy,23:00 - 00:00,91.39
Italy,00:00 - 01:00,85.5
Italy,01:00 - 02:00,83.4
Italy,02:00 - 03:00,84.1
Italy,03:00 - 04:00,83.4
Italy,04:00 - 05:00,83.4
Italy,05:00 - 06:00,84.9
Italy,06:00 - 07:00,102.52
Italy,07:00 - 08:00,110.03
Italy,08:00 - 09:00,122.0
Italy,09:00 - 10:00,119.59
Italy,10:00 - 11:00,106.21
Italy,11:00 - 12:00,103.91
Italy,12:00 - 13:00,96.02
Italy,13:00 - 14:00,96.2
Italy,14:00 - 15:00,99.7
Italy,15:00 - 16:00,104.54
Italy,16:00 - 17:00,110.0
Italy,17:00 - 18:00,116.13
Italy,18:00 - 19:00,115.0
Italy,19:00 - 20:00,113.9
Italy,20:00 - 21:00,107.58
Italy,21:00 - 22:00,104.31
Italy,22:00 - 23:00,101.68
Italy,23:00 - 00:00,91.39
Italy,00:00 - 01:00,85.5
Italy,01:00 - 02:00,83.4
Italy,02:00 - 03:00,84.1
Italy,03:00 - 04:00,83.4
Italy,04:00 - 05:00,83.4
Italy,05:00 - 06:00,84.9
Italy,06:00 - 07:00,102.52
Italy,07:00 - 08:00,110.03
Italy,08:00 - 09:00,122.0
Italy,09:00 - 10:00,119.59
Italy,10:00 - 11:00,106.21
Italy,11:00 - 12:00,103.0
Italy,12:00 - 13:00,95.0
Italy,13:00 - 14:00,90.78
Italy,14:00 - 15:00,99.7
Italy,15:00 - 16:00,104.54
Italy,16:00 - 17:00,110.0
Italy,17:00 - 18:00,116.13
Italy,18:00 - 19:00,115.0
Italy,19:00 - 20:00,113.9
Italy,20:00 - 21:00,107.58
Italy,21:00 - 22:00,104.31
Italy,22:00 - 23:00,101.68
Italy,23:00 - 00:00,91.39
Italy,00:00 - 01:00,85.5
Italy,01:00 - 02:00,83.4
Italy,02:00 - 03:00,84.1
Italy,03:00 - 04:00,83.4
Italy,04:00 - 05:00,83.4
Italy,05:00 - 06:00,84.9
Italy,06:00 - 07:00,102.52
Italy,07:00 - 08:00,110.03
Italy,08:00 - 09:00,122.0
Italy,09:00 - 10:00,119.59
Italy,10:00 - 11:00,106.21
Italy,11:00 - 12:00,103.0
Italy,12:00 - 13:00,95.0
Italy,13:00 - 14:00,90.78
Italy,14:00 - 15:00,99.7
Italy,15:00 - 16:00,103.76
Italy,16:00 - 17:00,110.0
Italy,17:00 - 18:00,116.13
Italy,18:00 - 19:00,115.0
Italy,19:00 - 20:00,113.9
Italy,20:00 - 21:00,107.58
Italy,21:00 - 22:00,104.31
Italy,22:00 - 23:00,101.68
Italy,23:00 - 00:00,91.39
Italy,00:00 - 01:00,85.5
Italy,01:00 - 02:00,83.4
Italy,02:00 - 03:00,84.1
Italy,03:00 - 04:00,83.4
Italy,04:00 - 05:00,83.4
Italy,05:00 - 06:00,84.9
Italy,06:00 - 07:00,102.52
Italy,07:00 - 08:00,110.03
Italy,08:00 - 09:00,122.0
Italy,09:00 - 10:00,119.59
Italy,10:00 - 11:00,106.21
Italy,11:00 - 12:00,103.0
Italy,12:00 - 13:00,95.0
Italy,13:00 - 14:00,90.78
Italy,14:00 - 15:00,99.7
Italy,15:00 - 16:00,103.76
Italy,16:00 - 17:00,110.0
Italy,17:00 - 18:00,116.13
Italy,18:00 - 19:00,115.0
Italy,19:00 - 20:00,113.9
Italy,20:00 - 21:00,107.58
Italy,21:00 - 22:00,104.31
Italy,22:00 - 23:00,101.68
Italy,23:00 - 00:00,91.39
Latvia,00:00 - 01:00,69.65
Latvia,01:00 - 02:00,66.05
Latvia,02:00 - 03:00,64.31
Latvia,03:00 - 04:00,62.04
Latvia,04:00 - 05:00,63.57
Latvia,05:00 - 06:00,70.57
Latvia,06:00 - 07:00,85.79
Latvia,07:00 - 08:00,113.52
Latvia,08:00 - 09:00,111.04
Latvia,09:00 - 10:00,128.06
Latvia,10:00 - 11:00,101.89
Latvia,11:00 - 12:00,129.02
Latvia,12:00 - 13:00,129.08
Latvia,13:00 - 14:00,129.08
Latvia,14:00 - 15:00,123.78
Latvia,15:00 - 16:00,108.28
Latvia,16:00 - 17:00,110.02
Latvia,17:00 - 18:00,109.08
Latvia,18:00 - 19:00,115.57
Latvia,19:00 - 20:00,110.66
Latvia,20:00 - 21:00,103.15
Latvia,21:00 - 22:00,92.95
Latvia,22:00 - 23:00,89.49
Latvia,23:00 - 00:00,86.43
Lithuania,00:00 - 01:00,69.65
Lithuania,01:00 - 02:00,66.05
Lithuania,02:00 - 03:00,64.31
Lithuania,03:00 - 04:00,62.04
Lithuania,04:00 - 05:00,63.57
Lithuania,05:00 - 06:00,70.57
Lithuania,06:00 - 07:00,85.79
Lithuania,07:00 - 08:00,113.52
Lithuania,08:00 - 09:00,111.04
Lithuania,09:00 - 10:00,128.06
Lithuania,10:00 - 11:00,101.89
Lithuania,11:00 - 12:00,129.02
Lithuania,12:00 - 13:00,129.08
Lithuania,13:00 - 14:00,129.08
Lithuania,14:00 - 15:00,123.78
Lithuania,15:00 - 16:00,108.28
Lithuania,16:00 - 17:00,110.02
Lithuania,17:00 - 18:00,109.08
Lithuania,18:00 - 19:00,115.57
Lithuania,19:00 - 20:00,110.66
Lithuania,20:00 - 21:00,103.15
Lithuania,21:00 - 22:00,92.95
Lithuania,22:00 - 23:00,89.49
Lithuania,23:00 - 00:00,86.43
Luxembourg,00:00 - 01:00,67.9
Luxembourg,01:00 - 02:00,65.0
Luxembourg,02:00 - 03:00,63.94
Luxembourg,03:00 - 04:00,62.04
Luxembourg,04:00 - 05:00,62.04
Luxembourg,05:00 - 06:00,69.25
Luxembourg,06:00 - 07:00,79.95
Luxembourg,07:00 - 08:00,83.84
Luxembourg,08:00 - 09:00,99.3
Luxembourg,09:00 - 10:00,100.29
Luxembourg,10:00 - 11:00,94.88
Luxembourg,11:00 - 12:00,90.26
Luxembourg,12:00 - 13:00,83.86
Luxembourg,13:00 - 14:00,82.15
Luxembourg,14:00 - 15:00,84.5
Luxembourg,15:00 - 16:00,89.44
Luxembourg,16:00 - 17:00,97.52
Luxembourg,17:00 - 18:00,106.46
Luxembourg,18:00 - 19:00,112.8
Luxembourg,19:00 - 20:00,110.38
Luxembourg,20:00 - 21:00,102.42
Luxembourg,21:00 - 22:00,91.78
Luxembourg,22:00 - 23:00,89.49
Luxembourg,23:00 - 00:00,86.43
Montenegro,00:00 - 01:00,90.69
Montenegro,01:00 - 02:00,90.1
Montenegro,02:00 - 03:00,69.66
Montenegro,03:00 - 04:00,62.92
Montenegro,04:00 - 05:00,69.18
Montenegro,05:00 - 06:00,76.93
Montenegro,06:00 - 07:00,97.34
Montenegro,07:00 - 08:00,104.95
Montenegro,08:00 - 09:00,111.16
Montenegro,09:00 - 10:00,108.67
Montenegro,10:00 - 11:00,100.96
Montenegro,11:00 - 12:00,97.79
Montenegro,12:00 - 13:00,93.06
Montenegro,13:00 - 14:00,93.06
Montenegro,14:00 - 15:00,97.83
Montenegro,15:00 - 16:00,105.06
Montenegro,16:00 - 17:00,110.0
Montenegro,17:00 - 18:00,118.89
Montenegro,18:00 - 19:00,118.74
Montenegro,19:00 - 20:00,118.72
Montenegro,20:00 - 21:00,110.6
Montenegro,21:00 - 22:00,105.31
Montenegro,22:00 - 23:00,97.69
Montenegro,23:00 - 00:00,90.91
Netherlands,00:00 - 01:00,67.9
Netherlands,01:00 - 02:00,65.0
Netherlands,02:00 - 03:00,63.94
Netherlands,03:00 - 04:00,62.04
Netherlands,04:00 - 05:00,62.04
Netherlands,05:00 - 06:00,69.25
Netherlands,06:00 - 07:00,80.18
Netherlands,07:00 - 08:00,84.4
Netherlands,08:00 - 09:00,99.34
Netherlands,09:00 - 10:00,100.3
Netherlands,10:00 - 11:00,94.89
Netherlands,11:00 - 12:00,90.2
Netherlands,12:00 - 13:00,81.18
Netherlands,13:00 - 14:00,82.2
Netherlands,14:00 - 15:00,84.6
Netherlands,15:00 - 16:00,89.57
Netherlands,16:00 - 17:00,97.62
Netherlands,17:00 - 18:00,106.51
Netherlands,18:00 - 19:00,112.81
Netherlands,19:00 - 20:00,105.13
Netherlands,20:00 - 21:00,94.4
Netherlands,21:00 - 22:00,79.04
Netherlands,22:00 - 23:00,77.76
Netherlands,23:00 - 00:00,78.5
North Macedonia,00:00 - 01:00,97.57
North Macedonia,01:00 - 02:00,89.46
North Macedonia,02:00 - 03:00,84.42
North Macedonia,03:00 - 04:00,72.26
North Macedonia,04:00 - 05:00,76.83
North Macedonia,05:00 - 06:00,88.73
North Macedonia,06:00 - 07:00,100.09
North Macedonia,07:00 - 08:00,106.23
North Macedonia,08:00 - 09:00,109.24
North Macedonia,09:00 - 10:00,102.84
North Macedonia,10:00 - 11:00,100.0
North Macedonia,11:00 - 12:00,100.0
North Macedonia,12:00 - 13:00,97.72
North Macedonia,13:00 - 14:00,100.0
North Macedonia,14:00 - 15:00,100.0
North Macedonia,15:00 - 16:00,108.66
North Macedonia,16:00 - 17:00,114.82
North Macedonia,17:00 - 18:00,118.62
North Macedonia,18:00 - 19:00,116.81
North Macedonia,19:00 - 20:00,116.92
North Macedonia,20:00 - 21:00,110.13
North Macedonia,21:00 - 22:00,106.45
North Macedonia,22:00 - 23:00,102.84
North Macedonia,23:00 - 00:00,95.57
Norway,00:00 - 01:00,69.65
Norway,01:00 - 02:00,67.08
Norway,02:00 - 03:00,65.98
Norway,03:00 - 04:00,64.03
Norway,04:00 - 05:00,64.93
Norway,05:00 - 06:00,70.57
Norway,06:00 - 07:00,79.95
Norway,07:00 - 08:00,83.84
Norway,08:00 - 09:00,96.42
Norway,09:00 - 10:00,97.39
Norway,10:00 - 11:00,94.88
Norway,11:00 - 12:00,90.26
Norway,12:00 - 13:00,83.86
Norway,13:00 - 14:00,82.15
Norway,14:00 - 15:00,84.5
Norway,15:00 - 16:00,89.44
Norway,16:00 - 17:00,99.92
Norway,17:00 - 18:00,109.08
Norway,18:00 - 19:00,115.57
Norway,19:00 - 20:00,110.66
Norway,20:00 - 21:00,103.15
Norway,21:00 - 22:00,92.95
Norway,22:00 - 23:00,89.49
Norway,23:00 - 00:00,85.73
Norway,00:00 - 01:00,69.65
Norway,01:00 - 02:00,67.08
Norway,02:00 - 03:00,65.98
Norway,03:00 - 04:00,64.03
Norway,04:00 - 05:00,64.93
Norway,05:00 - 06:00,70.57
Norway,06:00 - 07:00,79.95
Norway,07:00 - 08:00,83.84
Norway,08:00 - 09:00,96.42
Norway,09:00 - 10:00,97.39
Norway,10:00 - 11:00,94.76
Norway,11:00 - 12:00,90.26
Norway,12:00 - 13:00,83.86
Norway,13:00 - 14:00,82.15
Norway,14:00 - 15:00,84.5
Norway,15:00 - 16:00,89.44
Norway,16:00 - 17:00,97.02
Norway,17:00 - 18:00,105.92
Norway,18:00 - 19:00,112.22
Norway,19:00 - 20:00,107.45
Norway,20:00 - 21:00,100.16
Norway,21:00 - 22:00,90.26
Norway,22:00 - 23:00,86.9
Norway,23:00 - 00:00,83.92
Norway,00:00 - 01:00,70.24
Norway,01:00 - 02:00,67.96
Norway,02:00 - 03:00,70.04
Norway,03:00 - 04:00,66.18
Norway,04:00 - 05:00,66.84
Norway,05:00 - 06:00,69.07
Norway,06:00 - 07:00,79.85
Norway,07:00 - 08:00,89.81
Norway,08:00 - 09:00,96.94
Norway,09:00 - 10:00,95.27
Norway,10:00 - 11:00,95.33
Norway,11:00 - 12:00,89.43
Norway,12:00 - 13:00,85.16
Norway,13:00 - 14:00,85.93
Norway,14:00 - 15:00,89.52
Norway,15:00 - 16:00,92.0
Norway,16:00 - 17:00,100.0
Norway,17:00 - 18:00,112.0
Norway,18:00 - 19:00,114.58
Norway,19:00 - 20:00,111.92
Norway,20:00 - 21:00,105.06
Norway,21:00 - 22:00,96.17
Norway,22:00 - 23:00,90.18
Norway,23:00 - 00:00,84.99
Norway,00:00 - 01:00,69.65
Norway,01:00 - 02:00,67.08
Norway,02:00 - 03:00,65.98
Norway,03:00 - 04:00,64.03
Norway,04:00 - 05:00,64.93
Norway,05:00 - 06:00,70.57
Norway,06:00 - 07:00,79.95
Norway,07:00 - 08:00,83.84
Norway,08:00 - 09:00,99.3
Norway,09:00 - 10:00,99.99
Norway,10:00 - 11:00,94.88
Norway,11:00 - 12:00,90.26
Norway,12:00 - 13:00,85.4
Norway,13:00 - 14:00,82.15
Norway,14:00 - 15:00,84.88
Norway,15:00 - 16:00,89.44
Norway,16:00 - 17:00,97.02
Norway,17:00 - 18:00,100.69
Norway,18:00 - 19:00,99.37
Norway,19:00 - 20:00,94.28
Norway,20:00 - 21:00,94.99
Norway,21:00 - 22:00,88.71
Norway,22:00 - 23:00,86.9
Norway,23:00 - 00:00,85.74
Norway,00:00 - 01:00,69.65
Norway,01:00 - 02:00,66.05
Norway,02:00 - 03:00,64.31
Norway,03:00 - 04:00,62.04
Norway,04:00 - 05:00,63.57
Norway,05:00 - 06:00,70.57
Norway,06:00 - 07:00,79.95
Norway,07:00 - 08:00,83.84
Norway,08:00 - 09:00,99.3
Norway,09:00 - 10:00,99.99
Norway,10:00 - 11:00,94.88
Norway,11:00 - 12:00,90.26
Norway,12:00 - 13:00,83.86
Norway,13:00 - 14:00,82.15
Norway,14:00 - 15:00,84.5
Norway,15:00 - 16:00,89.44
Norway,16:00 - 17:00,90.44
Norway,17:00 - 18:00,87.38
Norway,18:00 - 19:00,94.08
Norway,19:00 - 20:00,94.02
Norway,20:00 - 21:00,94.99
Norway,21:00 - 22:00,88.71
Norway,22:00 - 23:00,86.9
Norway,23:00 - 00:00,70.47
Norway,00:00 - 01:00,69.65
Norway,01:00 - 02:00,67.08
Norway,02:00 - 03:00,65.98
Norway,03:00 - 04:00,64.03
Norway,04:00 - 05:00,64.93
Norway,05:00 - 06:00,70.57
Norway,06:00 - 07:00,79.95
Norway,07:00 - 08:00,83.84
Norway,08:00 - 09:00,96.42
Norway,09:00 - 10:00,97.39
Norway,10:00 - 11:00,94.88
Norway,11:00 - 12:00,90.26
Norway,12:00 - 13:00,83.86
Norway,13:00 - 14:00,82.15
Norway,14:00 - 15:00,84.5
Norway,15:00 - 16:00,89.44
Norway,16:00 - 17:00,97.02
Norway,17:00 - 18:00,100.69
Norway,18:00 - 19:00,99.37
Norway,19:00 - 20:00,94.28
Norway,20:00 - 21:00,94.99
Norway,21:00 - 22:00,90.26
Norway,22:00 - 23:00,86.9
Norway,23:00 - 00:00,85.73
Poland,00:00 - 01:00,69.65
Poland,01:00 - 02:00,66.05
Poland,02:00 - 03:00,64.31
Poland,03:00 - 04:00,62.04
Poland,04:00 - 05:00,63.57
Poland,05:00 - 06:00,70.57
Poland,06:00 - 07:00,81.56
Poland,07:00 - 08:00,85.58
Poland,08:00 - 09:00,99.3
Poland,09:00 - 10:00,99.99
Poland,10:00 - 11:00,94.56
Poland,11:00 - 12:00,90.27
Poland,12:00 - 13:00,83.87
Poland,13:00 - 14:00,87.92
Poland,14:00 - 15:00,95.57
Poland,15:00 - 16:00,108.28
Poland,16:00 - 17:00,110.02
Poland,17:00 - 18:00,105.78
Poland,18:00 - 19:00,112.63
Poland,19:00 - 20:00,110.66
Poland,20:00 - 21:00,103.15
Poland,21:00 - 22:00,92.95
Poland,22:00 - 23:00,90.59
Poland,23:00 - 00:00,86.43
Portugal,00:00 - 01:00,77.7
Portugal,01:00 - 02:00,67.0
Portugal,02:00 - 03:00,64.99
Portugal,03:00 - 04:00,62.04
Portugal,04:00 - 05:00,62.1
Portugal,05:00 - 06:00,65.1
Portugal,06:00 - 07:00,69.13
Portugal,07:00 - 08:00,86.74
Portugal,08:00 - 09:00,99.52
Portugal,09:00 - 10:00,100.33
Portugal,10:00 - 11:00,94.92
Portugal,11:00 - 12:00,90.3
Portugal,12:00 - 13:00,85.7
Portugal,13:00 - 14:00,82.41
Portugal,14:00 - 15:00,84.99
Portugal,15:00 - 16:00,90.1
Portugal,16:00 - 17:00,95.82
Portugal,17:00 - 18:00,100.0
Portugal,18:00 - 19:00,112.85
Portugal,19:00 - 20:00,113.9
Portugal,20:00 - 21:00,107.58
Portugal,21:00 - 22:00,100.0
Portugal,22:00 - 23:00,97.21
Portugal,23:00 - 00:00,91.0
Romania,00:00 - 01:00,70.49
Romania,01:00 - 02:00,66.78
Romania,02:00 - 03:00,64.57
Romania,03:00 - 04:00,62.04
Romania,04:00 - 05:00,62.72
Romania,05:00 - 06:00,84.9
Romania,06:00 - 07:00,122.0
Romania,07:00 - 08:00,114.09
Romania,08:00 - 09:00,122.0
Romania,09:00 - 10:00,104.93
Romania,10:00 - 11:00,99.86
Romania,11:00 - 12:00,90.27
Romania,12:00 - 13:00,88.91
Romania,13:00 - 14:00,90.78
Romania,14:00 - 15:00,99.7
Romania,15:00 - 16:00,98.07
Romania,16:00 - 17:00,105.26
Romania,17:00 - 18:00,113.95
Romania,18:00 - 19:00,114.62
Romania,19:00 - 20:00,113.79
Romania,20:00 - 21:00,103.7
Romania,21:00 - 22:00,93.92
Romania,22:00 - 23:00,91.42
Romania,23:00 - 00:00,87.74
Serbia,00:00 - 01:00,69.98
Serbia,01:00 - 02:00,65.08
Serbia,02:00 - 03:00,60.56
Serbia,03:00 - 04:00,55.45
Serbia,04:00 - 05:00,66.75
Serbia,05:00 - 06:00,84.37
Serbia,06:00 - 07:00,101.22
Serbia,07:00 - 08:00,111.48
Serbia,08:00 - 09:00,118.14
Serbia,09:00 - 10:00,106.67
Serbia,10:00 - 11:00,101.65
Serbia,11:00 - 12:00,97.08
Serbia,12:00 - 13:00,94.93
Serbia,13:00 - 14:00,95.4
Serbia,14:00 - 15:00,97.83
Serbia,15:00 - 16:00,107.91
Serbia,16:00 - 17:00,114.94
Serbia,17:00 - 18:00,122.73
Serbia,18:00 - 19:00,120.48
Serbia,19:00 - 20:00,122.23
Serbia,20:00 - 21:00,109.94
Serbia,21:00 - 22:00,102.68
Serbia,22:00 - 23:00,91.68
Serbia,23:00 - 00:00,86.31
Slovakia,00:00 - 01:00,70.18
Slovakia,01:00 - 02:00,66.54
Slovakia,02:00 - 03:00,64.48
Slovakia,03:00 - 04:00,62.04
Slovakia,04:00 - 05:00,62.82
Slovakia,05:00 - 06:00,69.29
Slovakia,06:00 - 07:00,86.86
Slovakia,07:00 - 08:00,125.99
Slovakia,08:00 - 09:00,98.42
Slovakia,09:00 - 10:00,99.95
Slovakia,10:00 - 11:00,94.51
Slovakia,11:00 - 12:00,90.27
Slovakia,12:00 - 13:00,83.95
Slovakia,13:00 - 14:00,84.99
Slovakia,14:00 - 15:00,89.9
Slovakia,15:00 - 16:00,99.29
Slovakia,16:00 - 17:00,103.36
Slovakia,17:00 - 18:00,103.47
Slovakia,18:00 - 19:00,112.07
Slovakia,19:00 - 20:00,110.1
Slovakia,20:00 - 21:00,103.52
Slovakia,21:00 - 22:00,93.5
Slovakia,22:00 - 23:00,91.14
Slovakia,23:00 - 00:00,87.72
Slovenia,00:00 - 01:00,71.1
Slovenia,01:00 - 02:00,67.24
Slovenia,02:00 - 03:00,64.74
Slovenia,03:00 - 04:00,62.04
Slovenia,04:00 - 05:00,62.51
Slovenia,05:00 - 06:00,71.19
Slovenia,06:00 - 07:00,88.95
Slovenia,07:00 - 08:00,107.31
Slovenia,08:00 - 09:00,101.46
Slovenia,09:00 - 10:00,100.67
Slovenia,10:00 - 11:00,95.28
Slovenia,11:00 - 12:00,90.27
Slovenia,12:00 - 13:00,84.81
Slovenia,13:00 - 14:00,84.57
Slovenia,14:00 - 15:00,88.97
Slovenia,15:00 - 16:00,95.4
Slovenia,16:00 - 17:00,102.24
Slovenia,17:00 - 18:00,109.15
Slovenia,18:00 - 19:00,113.45
Slovenia,19:00 - 20:00,112.38
Slovenia,20:00 - 21:00,104.04
Slovenia,21:00 - 22:00,94.4
Slovenia,22:00 - 23:00,91.92
Slovenia,23:00 - 00:00,88.04
Spain,00:00 - 01:00,77.7
Spain,01:00 - 02:00,67.0
Spain,02:00 - 03:00,64.99
Spain,03:00 - 04:00,62.04
Spain,04:00 - 05:00,62.1
Spain,05:00 - 06:00,65.1
Spain,06:00 - 07:00,69.13
Spain,07:00 - 08:00,86.74
Spain,08:00 - 09:00,99.52
Spain,09:00 - 10:00,100.33
Spain,10:00 - 11:00,94.92
Spain,11:00 - 12:00,90.3
Spain,12:00 - 13:00,85.7
Spain,13:00 - 14:00,82.41
Spain,14:00 - 15:00,84.99
Spain,15:00 - 16:00,90.1
Spain,16:00 - 17:00,95.82
Spain,17:00 - 18:00,100.0
Spain,18:00 - 19:00,112.85
Spain,19:00 - 20:00,113.9
Spain,20:00 - 21:00,107.58
Spain,21:00 - 22:00,100.0
Spain,22:00 - 23:00,97.21
Spain,23:00 - 00:00,91.0
Sweden,00:00 - 01:00,69.65
Sweden,01:00 - 02:00,66.05
Sweden,02:00 - 03:00,64.31
Sweden,03:00 - 04:00,62.04
Sweden,04:00 - 05:00,63.57
Sweden,05:00 - 06:00,70.57
Sweden,06:00 - 07:00,79.95
Sweden,07:00 - 08:00,83.84
Sweden,08:00 - 09:00,99.3
Sweden,09:00 - 10:00,99.99
Sweden,10:00 - 11:00,94.88
Sweden,11:00 - 12:00,90.26
Sweden,12:00 - 13:00,83.86
Sweden,13:00 - 14:00,82.15
Sweden,14:00 - 15:00,84.5
Sweden,15:00 - 16:00,89.44
Sweden,16:00 - 17:00,90.44
Sweden,17:00 - 18:00,87.38
Sweden,18:00 - 19:00,94.08
Sweden,19:00 - 20:00,94.02
Sweden,20:00 - 21:00,94.99
Sweden,21:00 - 22:00,88.71
Sweden,22:00 - 23:00,86.9
Sweden,23:00 - 00:00,85.74
Sweden,00:00 - 01:00,69.65
Sweden,01:00 - 02:00,66.05
Sweden,02:00 - 03:00,64.31
Sweden,03:00 - 04:00,62.04
Sweden,04:00 - 05:00,63.57
Sweden,05:00 - 06:00,70.57
Sweden,06:00 - 07:00,79.95
Sweden,07:00 - 08:00,83.84
Sweden,08:00 - 09:00,99.3
Sweden,09:00 - 10:00,99.99
Sweden,10:00 - 11:00,94.88
Sweden,11:00 - 12:00,90.26
Sweden,12:00 - 13:00,83.86
Sweden,13:00 - 14:00,82.15
Sweden,14:00 - 15:00,84.5
Sweden,15:00 - 16:00,89.44
Sweden,16:00 - 17:00,90.44
Sweden,17:00 - 18:00,87.38
Sweden,18:00 - 19:00,94.08
Sweden,19:00 - 20:00,94.02
Sweden,20:00 - 21:00,94.99
Sweden,21:00 - 22:00,88.71
Sweden,22:00 - 23:00,86.9
Sweden,23:00 - 00:00,85.74
Sweden,00:00 - 01:00,69.65
Sweden,01:00 - 02:00,66.05
Sweden,02:00 - 03:00,64.31
Sweden,03:00 - 04:00,62.04
Sweden,04:00 - 05:00,63.57
Sweden,05:00 - 06:00,70.57
Sweden,06:00 - 07:00,79.95
Sweden,07:00 - 08:00,83.84
Sweden,08:00 - 09:00,99.3
Sweden,09:00 - 10:00,99.99
Sweden,10:00 - 11:00,94.88
Sweden,11:00 - 12:00,90.26
Sweden,12:00 - 13:00,83.86
Sweden,13:00 - 14:00,82.15
Sweden,14:00 - 15:00,84.5
Sweden,15:00 - 16:00,89.44
Sweden,16:00 - 17:00,99.92
Sweden,17:00 - 18:00,109.08
Sweden,18:00 - 19:00,115.57
Sweden,19:00 - 20:00,110.66
Sweden,20:00 - 21:00,103.15
Sweden,21:00 - 22:00,92.95
Sweden,22:00 - 23:00,89.49
Sweden,23:00 - 00:00,86.43
Sweden,00:00 - 01:00,69.65
Sweden,01:00 - 02:00,66.05
Sweden,02:00 - 03:00,64.31
Sweden,03:00 - 04:00,62.04
Sweden,04:00 - 05:00,63.57
Sweden,05:00 - 06:00,70.57
Sweden,06:00 - 07:00,79.95
Sweden,07:00 - 08:00,83.84
Sweden,08:00 - 09:00,99.3
Sweden,09:00 - 10:00,99.99
Sweden,10:00 - 11:00,94.88
Sweden,11:00 - 12:00,90.26
Sweden,12:00 - 13:00,83.86
Sweden,13:00 - 14:00,82.15
Sweden,14:00 - 15:00,84.5
Sweden,15:00 - 16:00,89.44
Sweden,16:00 - 17:00,99.92
Sweden,17:00 - 18:00,109.08
Sweden,18:00 - 19:00,115.57
Sweden,19:00 - 20:00,110.66
Sweden,20:00 - 21:00,103.15
Sweden,21:00 - 22:00,92.95
Sweden,22:00 - 23:00,89.49
Sweden,23:00 - 00:00,86.43
Switzerland,00:00 - 01:00,88.52
Switzerland,01:00 - 02:00,86.91
Switzerland,02:00 - 03:00,87.09
Switzerland,03:00 - 04:00,87.2
Switzerland,04:00 - 05:00,87.0
Switzerland,05:00 - 06:00,89.06
Switzerland,06:00 - 07:00,94.43
Switzerland,07:00 - 08:00,100.27
Switzerland,08:00 - 09:00,106.85
Switzerland,09:00 - 10:00,103.88
Switzerland,10:00 - 11:00,103.9
Switzerland,11:00 - 12:00,100.33
Switzerland,12:00 - 13:00,98.06
Switzerland,13:00 - 14:00,98.48
Switzerland,14:00 - 15:00,99.71
Switzerland,15:00 - 16:00,99.98
Switzerland,16:00 - 17:00,102.52
Switzerland,17:00 - 18:00,112.07
Switzerland,18:00 - 19:00,118.65
Switzerland,19:00 - 20:00,112.87
Switzerland,20:00 - 21:00,103.95
Switzerland,21:00 - 22:00,98.0
Switzerland,22:00 - 23:00,95.65
Switzerland,23:00 - 00:00,92.21
